deal_id,category_raw,category_group,date_announced,date_announced_precision,date_announced_year,date_completed_or_failed,date_completed_precision,time_to_close_months,conclusion_status_raw,outcome_code,target_full_name,target_ticker_exchange_raw,target_ticker_code,target_exchange,industry_raw,industry_group,acquirer_full_name,acquirer_exchange_raw,acquirer_is_unlisted,deal_size_usd_mn,deal_size_usd_is_estimate,deal_size_usd_is_stake_value,deal_size_usd_raw,deal_size_local_value_bn,deal_size_local_currency,deal_size_local_is_estimate,deal_size_local_scale_note,deal_size_local_raw,deal_structure_raw,structure_has_TOB,structure_has_squeeze_out,structure_has_MBO,structure_has_merger,structure_has_scheme,structure_has_share_sale,structure_has_proxy_contest,final_offer_price_value,final_offer_price_currency,final_offer_price_is_estimate,final_offer_price_raw,initial_offer_price_value,initial_offer_price_currency,price_bump_count,price_was_bumped,initial_offer_price_bumps_raw,unaffected_price_value,unaffected_price_currency,unaffected_price_is_estimate,unaffected_price_raw,premium_pct_value,premium_pct_is_estimate,premium_pct_raw,board_recommendation_raw,board_recommendation_code,special_committee_raw,special_committee_flag,competing_bid_raw,competing_bid_flag,recurring_acquirer_raw,recurring_acquirer_flag,toehold_raw,toehold_present_flag,toehold_pct_value,toehold_is_estimate,regulator_1_raw,regulator_2_raw,regulator_3_raw,num_regulators,has_JFTC,has_FSA,has_METI,has_CFIUS,has_FEFTA,has_China_SAMR,has_EU_regulator,has_DOJ_FTC_HSR,has_FIRB,has_SEC,has_Bermuda_BMA,has_Broadcast_Act,has_other_foreign_antitrust_or_FDI,rules_regulations_triggering_review_raw,mentions_FIEA,mentions_METI_guidelines,mentions_Companies_Act,mentions_FEFTA,mentions_CFIUS,mentions_TSE_reform,key_debate_points_raw,activism_involvement_raw,has_activist_involvement,activist_Effissimo,activist_Farallon,activist_Elliott,activist_3D_Investment,activist_King_Street,activist_ValueAct,activist_Oasis,activist_Murakami,activist_YFO,activist_Dalton,activist_Ancora,activist_Artisan_Partners,activist_MY_Alpha,activist_Palliser,final_resolution_mechanism_raw,resolution_delisted_flag,resolution_squeeze_out_flag,resolution_withdrawn_flag,squeeze_out_mechanism_raw,squeeze_out_mechanism_code,delisting_date_raw,delisting_date,delisting_date_precision,delisting_date_is_estimate,verification_status_raw,verification_confidence_code,notes_raw,category_code,category_group_code,industry_code,industry_group_code,target_exchange_code,outcome_code_num,board_recommendation_code_num,squeeze_out_mechanism_code_num,verification_confidence_code_num,timeline_post_meti_2023_guideline,timeline_post_tse_reform_2023,timeline_post_fiea_2026_amendment,financial_advisor_target_raw,financial_advisor_acquirer_raw,target_ipo_advisor_raw,multi_jurisdiction,notes_flags_precedent_setting,price_was_bumped_bool,has_dual_antitrust_review,timeline_post_2023_reforms
JP-001,Take-private (PE/consortium),Take-private / MBO,2023-03-23,day,2023,2023-12-20,day,8.9,Concluded,Concluded,Toshiba Corporation,6502 JP / TSE Prime,6502.0,TSE Prime,Industrial conglomerate / electronics,Semiconductors / electronics,"Japan Industrial Partners (JIP)-led consortium (TBJH Inc., 20+ Japanese corporates incl. Orix, Rohm, Chubu Electric)",Unlisted (consortium),True,13500.0,False,False,13500,2000.0,JPY,False,bn_assumed_(JPY bn default per source column),2000,"All-cash TOB (¥4,620/sh) + squeeze-out (share consolidation)",True,True,False,False,False,False,False,4620.0,JPY,False,"¥4,620",4620.0,JPY,0.0,False,"¥4,620 (no bump)",2.0,,True,TBV (n.m. — 2-yr strategic review; stock traded on deal speculation),9.7,True,≈+9.7% vs pre-announcement (low; TBV),"For (recommended; initially reserved opinion on tendering, later endorsed)",For,Yes (Special Committee since 2022 strategic review),Yes,"Prior interest from CVC (2021), Bain/others in 2022 process; JIP selected as preferred bidder Oct 2022",Yes,No,No,No toehold; key activists indicated support/tendered,False,,False,JFTC (Japan),"Multiple foreign antitrust (EU, China SAMR, others)",METI (informal; national-security-sensitive businesses),3,True,False,True,False,False,True,False,True,False,False,False,False,True,"FIEA TOB rules; merger control in 10+ jurisdictions; FEFTA sensitivities (nuclear, defense, semiconductors) shaped all-domestic consortium",True,False,False,True,False,False,"Endgame of 2015 accounting scandal & 2017 dilutive PIPE that let activists in; price seen low vs CVC's 2021 ~¥5,000 interest; board-activist standoff; failed spin-off plans (3-way/2-way split voted down)","Effissimo (~9.9%), Farallon, Elliott, 3D Investment, King Street et al. — activist register was the deal's raison d'être; activists tendered",True,True,True,True,True,True,False,False,False,False,False,False,False,False,False,TOB succeeded (78.65% tendered); squeeze-out; delisted 20 Dec 2023 after 74 years,True,True,False,Share consolidation (kabushiki heigō),Share consolidation,2023/12/20,2023-12-20,day,False,High confidence (well-documented),High confidence,Largest Japan take-private at the time; template for 'activist-exit via consortium TOB',50,7,28,9,7,1,2,3,1,False,False,False,"Nomura Securities (mgmt team FA); Mizuho Securities & JPMorgan Securities Japan (mgmt team FA, added Apr 2022); UBS Securities Japan (Board/Special Committee independent FA)","Crosspoint Advisors Co., Ltd. (JIP)",TBV,True,True,False,True,False
JP-002,Take-private (state-backed fund),Take-private / MBO,2023-06-26,day,2023,2024-06-25,day,12.0,Concluded,Concluded,JSR Corporation,4185 JP / TSE Prime,4185.0,TSE Prime,Semiconductor materials (photoresists),Semiconductors / electronics,JIC Capital (Japan Investment Corporation),Unlisted (government-backed fund),True,6300.0,False,False,6300,903.9,JPY,False,bn_assumed_(JPY bn default per source column),903.9,"All-cash TOB (¥4,350/sh) + squeeze-out",True,True,False,False,False,False,False,4350.0,JPY,False,"¥4,350",4350.0,JPY,0.0,False,"¥4,350 (no bump)",3220.0,JPY,True,"TBV (~¥3,220 pre-leak)",35.0,True,≈+35% (TBV),For,For,Yes,Yes,None public,No,No,No,,False,,False,JFTC (Japan),China SAMR (delayed launch ~9 months),Other foreign antitrust/FDI,3,True,False,False,False,False,True,False,True,False,False,False,False,True,FIEA TOB; multi-jurisdiction merger control; industrial-policy screening abroad of a Japan state-backed buyer,True,False,False,False,False,False,Government-led consolidation of chip materials; concerns re state fund crowding out private capital; long gap between announcement (Jun 2023) and TOB launch (Mar 2024) due to China clearance; arbitrage timeline risk,No activist campaign; event-driven funds carried extended timeline risk,True,False,False,False,False,False,False,False,False,False,False,False,False,False,False,TOB completed Jun 2024; squeeze-out; delisted (TBV exact date),True,True,False,Share consolidation,Share consolidation,2024/06 (TBV),2024-06,month,True,Medium — verify dates/premium,Medium - needs verification,Signature 'economic security' take-private; SAMR risk case study,52,7,47,9,7,1,2,3,3,False,True,False,Mizuho Securities; Mitsubishi UFJ Morgan Stanley Securities,J.P. Morgan (JIC Capital),TBV,True,True,False,True,False
JP-003,Minority squeeze-out (parent buy-in),Parent-subsidiary / carve-out,2023-05-12,day,2023,2023-09-28,day,4.6,Concluded,Concluded,Shinsei Bank (SBI Shinsei Bank),8303 JP / TSE Standard,8303.0,TSE Standard,Banking,Financials (banking/insurance),SBI Holdings (via SBI Regional Bank Holdings) + public-sector holders retained,TSE Prime (8473),False,1100.0,False,False,1100,154.2,JPY,False,bn_assumed_(JPY bn default per source column),154.2,"TOB for minorities (¥2,800/sh) + squeeze-out; DICJ/RCC public-fund stakes stayed",True,True,False,False,False,False,False,2800.0,JPY,False,"¥2,800",,,,Unclear/TBV,TBV,,,True,TBV,45.0,True,TBV (~+45% vs undisturbed; TBV),For,For,Yes,Yes,,,"Yes — SBI took control via 2021 hostile-ish TOB, then squeezed out minorities 2023",Yes,SBI ~50.05% pre-deal,True,50.05,True,FSA (Japan),JFTC,—,2,True,True,False,False,False,False,False,True,False,False,False,False,False,Banking Act approvals; FIEA TOB; fairness of squeeze-out price with public funds (¥350bn) still outstanding,True,False,False,False,False,False,Repayment path for 1990s public funds; minority price fairness after SBI's below-book creep; delisting of a bank with unresolved state money,Prior activist-era register largely gone; some funds contested price via appraisal (TBV),True,False,False,False,False,False,False,False,False,False,False,False,False,False,False,Squeeze-out completed; delisted Sep 2023,True,True,False,Share consolidation,Share consolidation,2023/09 (TBV),2023-09,month,True,Medium — verify prices/dates,Medium - needs verification,Rare bank delisting; sequel to 2021 SBI unsolicited TOB,33,5,7,3,8,1,2,3,3,False,True,False,TBV,TBV,TBV,True,False,False,True,False
JP-004,Unsolicited/consentless TOB (domestic strategic),Contested / hostile bid,2023-07-13,day,2023,2023-11-13,day,4.0,Concluded,Concluded,"Takisawa Machine Tool Co., Ltd.",6121 JP / TSE Standard,6121.0,TSE Standard,Machine tools,Industrials / machinery,Nidec Corporation,TSE Prime (6594),False,180.0,False,False,180,26.0,JPY,False,bn_assumed_(JPY bn default per source column),26,"TOB launched without prior board consent (¥2,600/sh); board later supported",True,False,False,False,False,False,False,2600.0,JPY,False,"¥2,600",2600.0,JPY,0.0,False,"¥2,600 (no bump)",1285.0,JPY,True,"≈¥1,285 (TBV)",100.0,True,≈+100% (approx. 2x; TBV),Initially not solicited → For (board endorsed after review),For,Yes (formed to assess 'bona fide offer'),Yes,None emerged,No,"No (but part of Nidec's serial machine-tool M&A: OKK, TAKISAWA, later Makino attempt)",No,,False,,False,JFTC,—,—,1,True,False,False,False,False,False,False,True,False,False,False,False,False,First high-profile application of METI Corporate Takeover Guidelines (Aug 2023): duty of board to 'sincerely consider' bona fide offers,False,True,False,False,False,False,Legitimacy of consentless bids in Japan; 2x premium made rejection untenable; watershed normalizing unsolicited offers,None material,False,False,False,False,False,False,False,False,False,False,False,False,False,False,False,Board recommended; TOB succeeded Nov 2023; squeeze-out,False,True,False,Share consolidation,Share consolidation,2024 (TBV),,,True,High confidence,High confidence,Proof-of-concept for the METI 2023 guidelines,55,2,31,6,8,1,2,3,1,False,True,False,TBV,TBV,TBV,False,True,False,True,False
JP-005,"Subsidiary divestiture (PE, special situation)",Other,2022-11-11,day,2022,2023-09-01,day,9.7,Concluded,Concluded,"Sogo & Seibu Co., Ltd. (Seven & i department-store unit)",Unlisted (parent 3382 JP),,Unlisted,Department stores / retail real estate,Retail / consumer,Fortress Investment Group (with Yodobashi Camera as anchor real-estate partner),Unlisted (SoftBank-affiliated at the time),True,1600.0,False,False,1600,220.0,JPY,False,bn_assumed_(JPY bn default per source column),220,Share sale of unlisted subsidiary; EV ¥220bn (equity portion nominal after debt/price adj.),False,False,False,False,False,True,False,,,False,n/a (private sale),,,,,,,,False,,,False,,Seven & i board approved (contested internally),For,No (parent-level decision),No,Auction (multiple PE bidders),Yes,No,No,,False,,False,JFTC,—,—,1,True,False,False,False,False,False,False,True,False,False,False,False,False,"Merger control; labor-relations dimension (first Japan department-store strike in 61 years, Ikebukuro, 31 Aug 2023, day before closing)",False,False,False,False,False,False,ValueAct pressure on Seven & i portfolio; Yodobashi's role at flagship Ikebukuro; price cut renegotiation; union opposition,ValueAct campaign at parent was proximate catalyst for divestiture program,True,False,False,False,False,False,True,False,False,False,False,False,False,False,False,Closing 1 Sep 2023 despite strike; asset subsequently restructured,False,False,False,,,,,,False,High confidence,High confidence,Included as a landmark special situation triggered by activism at listed parent,49,4,12,8,9,1,2,0,1,False,False,False,TBV,TBV,TBV,False,True,False,True,False
JP-006,Competing TOBs (first modern bidding war),Contested / hostile bid,2023-11-14,day,2023,2024-05-15,day,6.0,Concluded,Concluded,Benefit One Inc.,2412 JP / TSE Prime,2412.0,TSE Prime,HR benefits platform,HR / staffing / services,"Dai-ichi Life Holdings (winner); M3 Inc. (initial bidder, withdrew)",TSE Prime (8750 winner; 2413 loser),False,1900.0,False,False,1900,285.0,JPY,False,bn_assumed_(JPY bn default per source column),285,Counter-TOB + acquisition of Pasona's ~51% stake; structure adjusted so Pasona exited via tender/dividend mechanics,True,False,False,False,False,False,False,2123.0,JPY,False,"¥2,123 (Dai-ichi final)",3.0,JPY,2.0,True,"M3 ¥1,600 → Dai-ichi ¥1,800 → ¥2,123 (2 bumps by winner)",,,True,TBV,60.0,True,TBV (>+60% vs pre-M3 bid; TBV),For (switched support from M3 to Dai-ichi),For,Yes,Yes,Yes — live auction dynamic between M3 and Dai-ichi (Dec 2023–Feb 2024),Yes,No,No,Pasona Group ~51% (controlling seller),True,51.0,True,JFTC,FSA (insurer acquirer),—,2,True,True,False,False,False,False,False,True,False,False,False,False,False,FIEA TOB competing-offer mechanics; board neutrality/fiduciary duty under METI guidelines; equal treatment concerns re parent exit route,True,True,False,False,False,False,First true public bidding war of the reform era; tax-efficient exit for Pasona questioned vs minority treatment; insurer diversification logic,Event-driven funds active in spread; no named activist campaign,True,False,False,False,False,False,False,False,False,False,False,False,False,False,False,M3 withdrew Feb 2024; Dai-ichi TOB completed; squeeze-out May 2024 (TBV),False,True,True,Share consolidation,Share consolidation,2024 (TBV),,,True,Medium — verify final dates,Medium - needs verification,Opened the era of interloper risk in Japan TOBs,10,2,24,4,7,1,2,3,3,True,True,False,Mitsubishi UFJ Morgan Stanley Securities (special committee FA),TBV (Dai-ichi Life),TBV,True,False,True,True,True
JP-007,MBO (founder family),Take-private / MBO,2023-11-24,day,2023,2024-04-09,day,4.5,Concluded,Concluded,Taisho Pharmaceutical Holdings,4581 JP / TSE Standard,4581.0,TSE Standard,Pharmaceuticals (OTC),Healthcare / pharma,Otemon Co. (Uehara family vehicle),Unlisted (family SPC),True,4800.0,False,False,4800,710.9,JPY,False,bn_assumed_(JPY bn default per source column),710.9,"MBO via all-cash TOB (¥8,620/sh) + squeeze-out; largest MBO in Japan history at announcement",True,True,True,False,False,False,False,8620.0,JPY,False,"¥8,620",8620.0,JPY,0.0,False,"¥8,620 (no bump)",5540.0,JPY,True,"≈¥5,540 (TBV)",56.0,True,≈+56% (TBV),For,For,Yes,Yes,None public,No,No,No,Uehara family ~40% (TBV),True,40.0,True,JFTC,—,—,1,True,False,False,False,False,False,False,True,False,False,False,False,False,FIEA TOB; MoM condition not adopted (criticized); METI guidelines fairness measures,True,True,False,False,False,False,Offer at ~0.85x P/B — 'cheap take-private' emblematic of MBO underpricing debate; special committee process questioned; appraisal rights pursued,Oasis-affiliated and other funds criticized price; appraisal petitions filed (Art. 172 Companies Act) (TBV outcomes),True,False,False,False,False,False,False,True,False,False,False,False,False,False,False,TOB succeeded; squeeze-out; delisted Apr 2024 (TBV),True,True,False,Share consolidation,Share consolidation,2024/04 (TBV),2024-04,month,True,Medium — verify premium/appraisal,Medium - needs verification,Poster child for sub-book MBO controversy,29,7,40,5,8,1,2,3,3,True,True,False,TBV,TBV,TBV,False,False,False,True,True
JP-008,MBO (founder family + PE),Take-private / MBO,2023-11-10,day,2023,2024-05-28,day,6.6,Concluded,Concluded,Benesse Holdings,9783 JP / TSE Prime,9783.0,TSE Prime,Education / nursing care,Healthcare / pharma,Fukutake family + EQT (BPEA),EQT: STO listed; SPC unlisted,True,1400.0,False,False,1400,208.2,JPY,False,bn_assumed_(JPY bn default per source column),208.2,"MBO via TOB (¥2,600/sh) + squeeze-out",True,True,True,False,False,False,False,2600.0,JPY,False,"¥2,600",2600.0,JPY,0.0,False,"¥2,600",,,True,TBV,45.0,True,≈+45% (TBV),For,For,Yes,Yes,None public,No,No,No,Fukutake family ~30%+ rollover (TBV),True,30.0,True,JFTC,Foreign antitrust (EQT) (TBV),—,2,True,False,False,False,False,False,False,True,False,False,False,False,True,FIEA TOB; conflicted-MBO fairness framework (rollover shareholder),True,False,False,False,False,False,Structural decline of core Shinkenzemi business; fairness with family rollover; first big EQT Japan P2P,None named,False,False,False,False,False,False,False,False,False,False,False,False,False,False,False,TOB + squeeze-out; delisted May 2024 (TBV),True,True,False,Share consolidation,Share consolidation,2024/05 (TBV),2024-05,month,True,Medium,Medium - needs verification,,28,7,15,5,7,1,2,3,3,True,True,False,TBV,TBV,TBV,True,False,False,True,True
JP-009,MBO (PE-backed),Take-private / MBO,2023-12-08,day,2023,,,,Concluded,Concluded,Outsourcing Inc.,2427 JP / TSE Prime,2427.0,TSE Prime,HR / staffing,HR / staffing / services,Bain Capital (management participation),Unlisted,True,1500.0,False,False,1500,214.2,JPY,False,bn_assumed_(JPY bn default per source column),214.2,"TOB (¥1,755/sh) + squeeze-out",True,True,False,False,False,False,False,1755.0,JPY,False,"¥1,755",1755.0,JPY,0.0,False,"¥1,755",,,True,TBV,50.0,True,≈+50% (TBV),For,For,Yes,Yes,None public,No,No,No,Founder/management rollover (TBV),True,,True,JFTC,European Commission — EU Foreign Subsidies Regulation (FSR),Other foreign clearances,3,True,False,False,False,False,False,True,True,False,False,False,False,False,First Japanese LBO materially delayed by EU FSR notification — TOB launch pushed back ~2 months; FIEA TOB,True,False,False,False,False,False,EU FSR as new gating item for global sponsors; compliance issues at target pre-deal,None named,False,False,False,False,False,False,False,False,False,False,False,False,False,False,False,TOB completed 2024 after FSR clearance; squeeze-out; delisted 2024 (TBV exact dates),True,True,False,Share consolidation,Share consolidation,2024 (TBV),,,True,Medium — verify closing dates,Medium - needs verification,Key precedent: add EU FSR to Japan deal checklists,26,7,23,4,7,1,2,3,3,True,True,False,"Nomura Securities; Plutus Consulting Co., Ltd.",Mitsubishi UFJ Morgan Stanley Securities (Bain Capital),TBV,True,True,False,True,True
JP-010,"Take-private (state-backed consortium, carve-out of listed sub)",Take-private / MBO,2023-12-12,day,2023,2025-01-31,day,13.7,Concluded,Concluded,Shinko Electric Industries,6967 JP / TSE Prime,6967.0,TSE Prime,Semiconductor packaging/substrates,Semiconductors / electronics,JIC Capital + Dai Nippon Printing + Mitsui Chemicals consortium,JIC unlisted; DNP 7912 JP; Mitsui Chem 4183 JP,True,4700.0,False,False,4700,684.9,JPY,False,bn_assumed_(JPY bn default per source column),684.9,"TOB for minorities (¥5,920/sh) + Fujitsu (50%) selling into scheme; squeeze-out",True,True,False,False,True,False,False,5920.0,JPY,False,"¥5,920",5920.0,JPY,0.0,False,"¥5,920",,,True,TBV,,True,TBV,For,For,Yes,Yes,None public,No,No,No,Fujitsu 50% (seller support),True,50.0,False,JFTC,China SAMR (long delay; TOB launch pushed to Aug 2024),Other foreign antitrust,3,True,False,False,False,False,True,False,True,False,False,False,False,True,Multi-jurisdiction merger control on semiconductor asset; economic-security overlay,False,False,False,False,False,False,Another JIC chip-supply-chain deal; SAMR timing risk priced by arbs; Fujitsu portfolio exit,None named,False,False,False,False,False,False,False,False,False,False,False,False,False,False,False,TOB completed; squeeze-out; delisted Jan 2025 (TBV),True,True,False,Share consolidation,Share consolidation,2025/01 (TBV),2025-01,month,True,Medium — verify dates,Medium - needs verification,Pair with JSR as SAMR-risk case studies,51,7,48,9,7,1,2,3,3,True,True,False,SMBC Nikko Securities; Mitsubishi UFJ Morgan Stanley Securities,BofA Securities (JIC Capital),TBV,True,False,False,True,True
JP-011,Cross-border outbound (contested politically),Cross-border outbound,2023-12-18,day,2023,2025-06-18,day,18.0,Concluded,Concluded,United States Steel Corporation,X US / NYSE,,NYSE,Steel,Industrials / machinery,Nippon Steel Corporation,TSE Prime (5401),False,14900.0,False,False,14900,2100.0,JPY,True,converted_tn_to_bn,≈¥2.1tn equiv.,Cash merger US$55.00/sh (equity ~$14.1bn; EV ~$14.9bn),False,False,False,True,False,False,False,55.0,USD,False,US$55.00,55.0,USD,0.0,False,US$55.00 (topped Cleveland-Cliffs cash/stock bid in auction),39.33,USD,False,US$39.33 (2023/12/15 close),40.0,True,≈+40%,For (US Steel board),For,No (full auction),No,"Yes — Cleveland-Cliffs, others in auction; later political counter-pressure",Yes,No,No,,False,,False,CFIUS (two reviews),DOJ (HSR antitrust),White House (Presidential orders); USW labor dimension,3,False,False,False,True,False,False,False,True,False,False,False,False,True,"Defense Production Act s.721 (CFIUS); Biden prohibition order 3 Jan 2025; litigation (NSC/USS v. CFIUS); June 2025 Trump-era National Security Agreement incl. US 'golden share', investment commitments",False,False,False,False,True,False,Election-year politicization of an allied-country acquisition; USW opposition; golden-share governance precedent; 18-month closing odyssey,"Merger-arb community heavily involved; Ancora ran a parallel campaign at US Steel (board slate, alternative plan) in early 2025",True,False,False,False,False,False,False,False,False,False,False,True,False,False,False,Closed 18 Jun 2025 under NSA with golden share; US Steel delisted,True,False,False,Merger (DGCL),Merger,2025/06 (NYSE),2025-06,month,False,High confidence,High confidence,Defining cross-border security-review saga of the period,16,3,54,6,5,1,2,1,1,True,True,False,Goldman Sachs; Barclays; Evercore (U.S. Steel),Citi (Nippon Steel),TBV,True,False,False,False,True
JP-012,Activist campaign,Activist campaign,2023-01-30,day,2023,2023-03-09,day,1.2,Concluded (demands substantially met),Concluded,Dai Nippon Printing (DNP),7912 JP / TSE Prime,7912.0,TSE Prime,Printing / electronics materials,Semiconductors / electronics,"Elliott Management (campaign, not acquisition)",n/a (fund),False,300.0,True,True,Stake est. $300mn+ (TBV),,JPY,True,,TBV,Public engagement; capital-return and P/B demands,False,False,False,False,False,False,False,,,False,,,,,,,,,False,,,False,,n/a (company responded with plan),No formal recommendation,No,No,,,No,No,Elliott stake reported ~3–5% (TBV),True,5.0,True,—,—,—,0,False,False,False,False,False,False,False,False,False,False,False,False,False,TSE P/B <1 'name-and-shame' regime as backdrop; large shareholding reporting (5% rule) dynamics,False,False,False,False,False,True,Cross-shareholding unwind; ¥300bn buyback announced Feb–Mar 2023; ROE targets,Elliott (lead),True,False,False,True,False,False,False,False,False,False,False,False,False,False,False,DNP announced record buyback + capital policy overhaul; Elliott monetized,False,False,False,,,,,,False,High confidence,High confidence,Early proof TSE reform + activism = rapid capital return,1,1,42,9,7,1,4,0,1,False,False,False,TBV,TBV,TBV,False,False,False,False,False
JP-013,Activist campaign (proxy fight),Activist campaign,2023-01-01,day,2023,2023-05-25,day,4.7,Concluded (activist lost vote; strategy shifted co. anyway),Concluded,Seven & i Holdings,3382 JP / TSE Prime,3382.0,TSE Prime,Retail / convenience stores,Retail / consumer,ValueAct Capital (campaign),n/a (fund),False,4.4,True,True,Stake ~$? (≈4.4%; TBV),,JPY,True,,TBV,Proxy contest: 4 director nominees; demanded CVS spin-off focus,False,False,False,False,False,False,True,,,False,,,,,,,,,False,,,False,,Opposed slate,Opposed,No,No,,,Yes — multi-year engagement since 2021,Yes,≈4.4% (TBV),True,4.4,True,—,—,—,0,False,False,False,False,False,False,False,False,False,False,False,False,False,Companies Act shareholder proposal/proxy rules,False,False,True,False,False,False,"Conglomerate discount; Ito-Yokado drag; CEO Isaka accountability (survived 2023 vote, ousted later)",ValueAct (lead),True,False,False,False,False,False,True,False,False,False,False,False,False,False,False,"Nominees defeated May 2023 AGM (~24–32% support); catalyzed later breakup path (Sogo&Seibu sale, York carve-out, ACT episode)",False,False,False,,,,,,False,High confidence,High confidence,Read with ACT bid & York/Bain rows,4,1,46,8,7,1,5,0,1,False,False,False,TBV,TBV,TBV,False,False,False,False,False
JP-014,Activist campaign (control contest defense),Activist campaign,2023-04-01,day,2023,2023-12-20,day,8.6,Concluded (block sold to white squire),Concluded,Cosmo Energy Holdings,5021 JP / TSE Prime,5021.0,TSE Prime,Oil refining / energy,Energy / resources,Murakami group (City Index Eleventh etc.) — accumulation to ~20%,,False,600.0,True,True,Stake ~$600mn (TBV),,JPY,True,,TBV,Stake accumulation + AGM confrontation; company deployed MoM-conditioned poison pill (June 2023 AGM approval excluding Murakami votes),False,False,False,False,False,False,False,,,False,,,,,,,,,False,,,False,,Opposed activist,Opposed,Yes (pill oversight),Yes,,,Yes (Murakami serial energy-sector plays),Yes,≈20%,True,20.0,True,—,—,—,0,False,False,False,False,False,False,False,False,False,False,False,False,False,'MoM' defensive pill validated by 2022 Tokyo courts precedents (Mitsubishi paper?) — key governance controversy of 2023,False,False,False,False,False,False,Legitimacy of majority-of-minority pill approvals; greenmail optics when Murakami exited via block sale,Murakami group (lead),True,False,False,False,False,False,False,False,True,False,False,False,False,False,False,Dec 2023: Murakami block sold to Iwatani Corporation (strategic white squire); pill retired,False,False,False,,,,,,False,High confidence,High confidence,Defense playbook case study,3,1,36,2,7,1,5,0,1,False,True,False,TBV,TBV,TBV,False,False,False,False,False
JP-015,Unsolicited proposal + proxy fights (family office),Contested / hostile bid,2022-03-31,day,2022,2024-06-30,day,27.0,Failed / lapsed (no TOB launched),Failed,"Toyo Construction Co., Ltd.",1890 JP / TSE Prime,1890.0,TSE Prime,Marine civil engineering,Industrials / machinery,"YFO (Yamauchi-No.10 Family Office, Nintendo founding family)",Unlisted (family office),True,800.0,False,False,800,112.0,JPY,False,bn_assumed_(JPY bn default per source column),112,"¥1,000/sh take-private proposal (~¥112bn) after blocking Infroneer TOB; repeated proxy campaigns 2022–2024",True,False,False,False,False,False,True,1000.0,JPY,False,"¥1,000 (proposed)",1000.0,JPY,0.0,False,"¥1,000",,,True,TBV,,True,TBV,Opposed (engagement protracted),Opposed,Yes,Yes,Preceded by Infroneer agreed TOB (2022) which YFO's ~27% stake defeated,Yes,Yes (multiple AGM cycles),Yes,≈27%,True,27.0,True,—,—,—,0,False,False,False,False,False,False,False,False,False,False,False,False,False,METI guidelines 'bona fide offer' debate — board's duty to engage vs financing credibility of family office,False,True,False,False,False,False,Whether YFO proposal was fully financed/'bona fide'; board entrenchment claims; dividend hikes as defense,YFO as quasi-activist; other funds on register,True,False,False,False,False,False,False,False,False,True,False,False,False,False,False,YFO never launched TOB; campaign wound down 2024 (TBV specifics); remains large holder,False,False,False,,,,,,False,Medium — verify end-state,Medium - needs verification,Instructive failed 'consent-seeking' saga,54,2,32,6,7,2,5,0,3,False,False,False,TBV,TBV,TBV,False,False,False,False,False
JP-016,Cross-border outbound,Cross-border outbound,2024-01-18,day,2024,2024-04-19,day,3.0,Concluded,Concluded,"MDC Holdings, Inc.",MDC US / NYSE,,NYSE,US homebuilding,Automotive / mobility,"Sekisui House, Ltd.",TSE Prime (1928),False,4950.0,False,False,4950,730.0,JPY,True,bn,≈¥730bn equiv.,Cash merger US$63.00/sh,False,False,False,True,False,False,False,63.0,USD,False,US$63.00,63.0,USD,0.0,False,US$63.00,,,True,TBV,19.0,True,≈+19% to close / ~+41% to 90-day VWAP (TBV),For,For,No,No,,,No,No,,False,,False,DOJ/FTC (HSR),—,—,1,False,False,False,False,False,False,False,True,False,False,False,False,False,"US antitrust only; no CFIUS issue (allied, non-sensitive)",False,False,False,False,True,False,"Contrast case to Nippon Steel/USS: friendly, apolitical, closed in 3 months",,False,False,False,False,False,False,False,False,False,False,False,False,False,False,False,Merger closed Apr 2024,False,False,False,DGCL merger,Merger,2024/04 (NYSE),2024-04,month,False,High confidence,High confidence,Benchmark for 'clean' Japan-to-US outbound,12,3,58,1,5,1,2,1,1,True,True,False,TBV,TBV,TBV,False,False,False,False,True
JP-017,Strategic TOB (JV take-private of listed sub),Take-private / MBO,2024-02-06,day,2024,2024-07-24,day,5.6,Concluded,Concluded,"Lawson, Inc.",2651 JP / TSE Prime,2651.0,TSE Prime,Convenience stores,Retail / consumer,KDDI Corporation (TOB) → 50/50 JV with Mitsubishi Corporation,TSE Prime (9433; MC 8058),False,3300.0,False,False,3300,497.0,JPY,False,bn_assumed_(JPY bn default per source column),497,"KDDI TOB ¥10,360/sh for shares other than MC's ~50%; post-deal 50/50 telco-trading house JV",True,False,False,False,False,False,False,10360.0,JPY,False,"¥10,360",10360.0,JPY,0.0,False,"¥10,360",8900.0,JPY,True,"≈¥8,900 (TBV)",16.0,True,≈+16% (criticized as thin; TBV),For,For,Yes,Yes,,,No,No,Mitsubishi Corp ~50% (retained),True,50.0,True,JFTC,—,—,1,True,False,False,False,False,False,False,True,False,False,False,False,False,FIEA TOB; parent-subsidiary fairness (MC as continuing 50% holder) — MoM debate,True,False,False,False,False,False,Thin premium vs strategic uniqueness; telco-retail convergence thesis; minority holdout arb,Some funds vocal on price (TBV),True,False,False,False,False,False,False,False,False,False,False,False,False,False,False,TOB + squeeze-out; delisted 24 Jul 2024,True,True,False,Share consolidation,Share consolidation,2024/07/24,2024-07-24,day,False,High confidence (delist date TBV),High confidence,,45,7,10,8,7,1,2,3,1,True,True,False,TBV,TBV,TBV,False,False,False,True,True
JP-018,Cross-border outbound (scheme),Cross-border outbound,2024-02-15,day,2024,2024-08-01,day,5.5,Concluded,Concluded,Altium Limited,ALU AU / ASX,,ASX,Electronics design software (EDA),Semiconductors / electronics,Renesas Electronics Corporation,TSE Prime (6723),False,5900.0,False,False,5900,9.1,AUD,True,bn,A$9.1bn (≈¥880bn),"Australian scheme of arrangement, A$68.50/sh cash",False,False,False,False,True,False,False,68.5,AUD,False,A$68.50,68.5,AUD,0.0,False,A$68.50,,,True,TBV,34.0,True,≈+34% (TBV),For,For,No,No,,,No,No,,False,,False,FIRB (Australia),Other antitrust (US/EU) (TBV),—,2,False,False,False,False,False,False,True,False,True,False,False,False,True,Australian scheme + FIRB approval; court sanction,False,False,False,False,False,False,Software pivot by chipmaker; full-cash funding while Renesas still deleveraging,,False,False,False,False,False,False,False,False,False,False,False,False,False,False,False,Scheme implemented 1 Aug 2024,False,False,False,Scheme,Scheme of arrangement,2024/08 (ASX),2024-08,month,False,High confidence,High confidence,,19,3,18,9,2,1,2,2,1,True,True,False,TBV,TBV,TBV,True,False,False,False,True
JP-019,MBO (founder + PE),Take-private / MBO,2024-02-20,day,2024,2024-07-31,day,5.3,Concluded,Concluded,"Snow Peak, Inc.",7816 JP / TSE Prime,7816.0,TSE Prime,Outdoor/camping consumer,Retail / consumer,Bain Capital + Yamai founding family,Unlisted,True,320.0,False,False,320,47.5,JPY,False,bn_assumed_(JPY bn default per source column),47.5,"MBO via TOB ¥1,250/sh + squeeze-out",True,True,True,False,False,False,False,1250.0,JPY,False,"¥1,250",1250.0,JPY,0.0,False,"¥1,250",,,True,TBV,48.0,True,≈+48% (TBV),For,For,Yes,Yes,None public,No,No,No,Founding family rollover ~30% (TBV),True,30.0,True,JFTC,—,—,1,True,False,False,False,False,False,False,True,False,False,False,False,False,FIEA TOB; conflicted MBO framework,True,False,False,False,False,False,Post-COVID camping demand collapse; take-private to restructure away from market glare,None named,False,False,False,False,False,False,False,False,False,False,False,False,False,False,False,TOB + squeeze-out; delisted 2024 (TBV),True,True,False,Share consolidation,Share consolidation,2024 (TBV),,,True,Medium — verify size/dates,Medium - needs verification,,27,7,37,8,7,1,2,3,3,True,True,False,TBV,TBV,TBV,False,False,False,True,True
JP-020,MBO vs unsolicited strategic counterbid,Take-private / MBO,2024-02-09,day,2024,2024-05-31,day,3.7,Concluded (MBO side won),Concluded,Roland DG Corporation,6789 JP / TSE Prime,6789.0,TSE Prime,Digital printing equipment,Technology / software,Taiyo Pacific Partners (MBO vehicle) — winner; Brother Industries — unsolicited counterbidder (withdrew),Taiyo unlisted; Brother 6448 JP,True,450.0,False,False,450,68.0,JPY,False,bn_assumed_(JPY bn default per source column),68,"Taiyo MBO TOB ¥5,035 → Brother counter ¥5,200 (no board consent) → Taiyo bump ¥5,370; Brother declined to raise",True,False,True,False,False,False,False,5370.0,JPY,False,"¥5,370 (Taiyo final)",5035.0,JPY,1.0,True,"¥5,035; 1 bump; Brother interloper ¥5,200",,,True,TBV,,True,TBV,For MBO; Opposed Brother (synergy/dis-synergy reasoning questioned),Mixed,Yes,Yes,Yes — first unsolicited counterbid against a live MBO under METI guidelines,Yes,No,No,Management rollover,True,,False,JFTC,—,—,1,True,False,False,False,False,False,False,True,False,False,False,False,False,METI guidelines: how boards must treat competing 'bona fide' offers vs incumbent MBO; TOB price-matching mechanics,False,True,False,False,False,False,Board's rejection of higher-headline strategic bid on qualitative grounds; precedent for interloper economics,Event funds in spread,True,False,False,False,False,False,False,False,False,False,False,False,False,False,False,Brother withdrew May 2024; Taiyo TOB succeeded; squeeze-out,False,True,True,Share consolidation,Share consolidation,2024 (TBV),,,True,Medium — verify dates,Medium - needs verification,Key precedent with C&F and Fuji Soft,30,7,13,10,7,1,3,3,3,True,True,False,TBV,TBV,TBV,False,True,True,True,True
JP-021,Hostile TOB defeated by white knight,Contested / hostile bid,2024-03-21,day,2024,2024-08-20,day,5.0,Concluded (white knight won; hostile failed),Concluded,C&F Logistics Holdings,9099 JP / TSE Prime,9099.0,TSE Prime,Cold-chain logistics,Other,"SG Holdings (white knight, winner); AZ-COM Maruwa Holdings (unsolicited bidder, withdrew)",SG 9143 JP; AZ-COM 9090 JP,False,800.0,False,False,800,120.0,JPY,False,bn_assumed_(JPY bn default per source column),120,"AZ-COM consentless TOB intent ¥3,000/sh → SG counter TOB ¥5,740/sh (+91% over hostile bid)",True,False,False,False,False,False,False,5740.0,JPY,False,"¥5,740 (SG)",3000.0,JPY,1.0,True,"AZ-COM ¥3,000 → ¥3,000 (did not match); SG entered at ¥5,740",2300.0,JPY,True,"≈¥2,300 (TBV)",150.0,True,≈+150% (SG final vs unaffected; TBV),Opposed AZ-COM; For SG,Mixed,Yes,Yes,Yes (defining white-knight auction of 2024),Yes,No,No,,False,,False,JFTC,—,—,1,True,False,False,False,False,False,False,True,False,False,False,False,False,METI guidelines bona fide offer assessment; TOB withdrawal rules when outbid,False,True,False,False,False,False,"Massive value uplift from contest (unaffected ¥2,3xx → ¥5,740) — exhibit A that hostile pressure surfaces value",Event funds,True,False,False,False,False,False,False,False,False,False,False,False,False,False,False,AZ-COM withdrew; SG TOB completed Aug 2024; squeeze-out,False,True,True,Share consolidation,Share consolidation,2024 (TBV),,,True,Medium — verify dates/prices,Medium - needs verification,,24,2,9,7,7,1,3,3,3,True,True,False,TBV,TBV,TBV,False,False,True,True,True
JP-022,PE buyout of listed co. (sponsor exit by trading house),Other,2024-05-20,day,2024,2024-09-30,day,4.4,Concluded,Concluded,KFC Holdings Japan (Kentucky Fried Chicken Japan),9873 JP / TSE Standard,9873.0,TSE Standard,Restaurants / franchising,Other,Carlyle Group,CG US / Nasdaq,False,870.0,False,False,870,130.0,JPY,False,bn_assumed_(JPY bn default per source column),130,"TOB ¥6,500/sh; Mitsubishi Corp (35%) agreed to tender; brand license with Yum!",True,False,False,False,False,False,False,6500.0,JPY,False,"¥6,500",6500.0,JPY,0.0,False,"¥6,500",,,True,TBV,30.0,True,TBV (~+30%; TBV),For,For,Yes,Yes,Auction preceded (TBV),Yes,No,No,MC 35% irrevocable,True,35.0,False,JFTC,—,—,1,True,False,False,False,False,False,False,True,False,False,False,False,False,FIEA TOB; franchise consent (Yum! Brands),True,False,False,False,False,False,Foreign-PE consumer take-private wave; franchisor consent as gating item,None named,False,False,False,False,False,False,False,False,False,False,False,False,False,False,False,TOB + squeeze-out; delisted 2024 (TBV),True,True,False,Share consolidation,Share consolidation,2024 (TBV),,,True,Medium,Medium - needs verification,,34,4,45,7,8,1,2,3,3,True,True,False,TBV,TBV,TBV,False,False,False,True,True
JP-023,Strategic TOB (affiliate consolidation) with price bump,Strategic TOB,2024-06-14,day,2024,2024-09-17,day,3.1,Concluded,Concluded,FANCL Corporation,4921 JP / TSE Prime,4921.0,TSE Prime,Cosmetics / supplements,Other,Kirin Holdings,TSE Prime (2503),False,1500.0,False,False,1500,221.9,JPY,False,bn_assumed_(JPY bn default per source column),221.9,"TOB for the ~67% not held (initial ¥2,690 → final ¥2,800 after investor pushback) + squeeze-out",True,True,False,False,False,False,False,2800.0,JPY,False,"¥2,800",2690.0,JPY,1.0,True,"¥2,690; 1 bump (+4.1%)",,,True,TBV,45.0,True,TBV (~+45% final; TBV),For,For,Yes,Yes,,,"Yes — Kirin built 33% stake 2019, full buyout 2024",Yes,≈33%,True,33.0,True,JFTC,—,—,1,True,False,False,False,False,False,False,True,False,False,False,False,False,FIEA TOB; partial-owner conflict fairness; bump forced by minority holdout (MoM math),True,False,False,False,False,False,Hedge funds (incl. MY.Alpha; TBV) argued lowball; tender momentum stalled until bump — early example of 'bump-seeking' arb strategy now standard,MY.Alpha and event funds (TBV names),True,False,False,False,False,False,False,False,False,False,False,False,False,True,False,Bumped TOB succeeded Sep 2024; squeeze-out,False,True,False,Share consolidation,Share consolidation,2024 (TBV),,,True,Medium,Medium - needs verification,,46,6,11,7,7,1,2,3,3,True,True,False,TBV,TBV,TBV,False,False,True,True,True
JP-024,Parent carve-out TOB (sponsor-backed strategic),Parent-subsidiary / carve-out,2024-04-26,day,2024,2024-08-30,day,4.1,Concluded,Concluded,"Alps Logistics Co., Ltd.",9055 JP / TSE Standard,9055.0,TSE Standard,Electronics logistics (3PL),Semiconductors / electronics,Logisteed (KKR portfolio company; ex-Hitachi Transport System),Unlisted (KKR),True,1000.0,False,False,1000,150.0,JPY,False,bn_assumed_(JPY bn default per source column),150,"TOB ¥5,774/sh for minorities + purchase of Alps Alpine's ~48%; partial reinvestment by parent",True,False,False,False,False,False,False,5774.0,JPY,False,"¥5,774",5774.0,JPY,0.0,False,"¥5,774",,,True,TBV,90.0,True,≈+90% (one of the largest premia of 2024; TBV),For,For,Yes,Yes,Auction (TBV),Yes,No,No,Alps Alpine ~48% seller,True,48.0,True,JFTC,China SAMR (TBV),—,2,True,False,False,False,False,True,False,True,False,False,False,False,False,FIEA TOB; parent-sub conflict framework,True,False,False,False,False,False,Sponsor-backed strategic paying near-double market for synergies — data point against 'lowball Japan' narrative,None named,False,False,False,False,False,False,False,False,False,False,False,False,False,False,False,TOB + squeeze-out,False,True,False,Share consolidation,Share consolidation,2024 (TBV),,,True,Medium,Medium - needs verification,,42,5,19,9,8,1,2,3,3,True,True,False,TBV,TBV,TBV,True,False,False,True,True
JP-025,Parent carve-out / PE TOB,Parent-subsidiary / carve-out,2024-06-12,day,2024,2024-11-29,day,5.6,Concluded,Concluded,Infocom Corporation,4348 JP / TSE Prime,4348.0,TSE Prime,IT / digital comics (MechaComic),Technology / software,Blackstone,BX US / NYSE,False,1800.0,False,False,1800,280.0,JPY,False,bn_assumed_(JPY bn default per source column),280,Purchase of Teijin's ~55% + TOB for minorities (total EV ≈¥280bn),True,False,False,False,False,False,False,6060.0,JPY,True,"¥6,060 (TBV)",,,,Unclear/TBV,TBV,,,True,TBV,,True,TBV,For,For,Yes,Yes,Auction (multiple sponsors),Yes,No,No,Teijin ~55% seller,True,55.0,True,JFTC,—,—,1,True,False,False,False,False,False,False,True,False,False,False,False,False,FIEA TOB; carve-out mechanics,True,False,False,False,False,False,Digital-content asset scarcity; Blackstone's largest Japan PE deal to date at the time,None named,False,False,False,False,False,False,False,False,False,False,False,False,False,False,False,TOB + squeeze-out; delisted (TBV),True,True,False,Share consolidation,Share consolidation,2024 (TBV),,,True,Medium,Medium - needs verification,,41,5,25,10,7,1,2,3,3,True,True,False,TBV,TBV,TBV,False,False,False,True,True
JP-026,PE-vs-PE hostile bidding war,Contested / hostile bid,2024-08-08,day,2024,2025-03-31,day,7.7,Concluded (KKR won),Concluded,Fuji Soft Incorporated,9749 JP / TSE Prime,9749.0,TSE Prime,IT services / software,Technology / software,"KKR (winner); Bain Capital (counterbidder, went hostile, withdrew)",KKR US / NYSE; Bain unlisted,True,4000.0,False,False,4000,600.0,JPY,False,bn_assumed_(JPY bn default per source column),600,"KKR two-stage TOB (1st ¥8,800 backed by 3D & Farallon irrevocables ~33%; Bain counter ¥9,450 w/ founder support; KKR 2nd-stage ¥9,451 'one-yen' top)",True,False,False,False,False,False,False,9451.0,JPY,False,"¥9,451 (KKR)",8800.0,JPY,2.0,True,"KKR ¥8,800 → ¥9,451; Bain ¥9,300 → ¥9,450 (hostile, withdrew Feb 2025)",,,True,TBV,50.0,True,TBV (>+50% vs pre-3D-pressure levels; TBV),For KKR throughout; declined to support Bain despite higher interim price,For,Yes (heavily scrutinized),Yes,Yes — landmark sponsor-vs-sponsor contest; Bain proceeded without board consent,Yes,No,No,3D Investment (~21%) + Farallon (~9%) irrevocables to KKR — decisive,True,21.0,True,JFTC,—,—,1,True,False,False,False,False,False,False,True,False,False,False,False,False,Two-stage TOB structure criticized (coercion debate); METI guidelines on competing offers; irrevocables as bid lock-ups,False,True,False,False,False,False,Whether board could favor lower-headline KKR bid; activists selling control via irrevocables; founder family split (Nozawa family backed Bain),"3D Investment Partners (instigating activist), Farallon — both pivotal",True,False,True,False,True,False,False,False,False,False,False,False,False,False,False,Bain withdrew; KKR completed squeeze-out; delisted 2025 (TBV date),True,True,True,Share consolidation,Share consolidation,2025 (TBV),,,True,High confidence (dates TBV),High confidence,THE case study for interloper/lock-up dynamics in Japan,40,2,27,10,7,1,2,3,1,True,True,False,TBV,TBV,TBV,False,False,True,True,True
JP-027,Cross-border unsolicited proposal (failed) + failed MBO defense,Take-private / MBO,2024-08-19,day,2024,2025-07-16,day,10.9,Failed (proposal withdrawn),Failed,Seven & i Holdings,3382 JP / TSE Prime,3382.0,TSE Prime,Retail / convenience stores,Retail / consumer,Alimentation Couche-Tard Inc. (ACT),ATD CN / TSX,False,47000.0,False,False,47000,7000.0,JPY,True,converted_tn_to_bn,≈¥7tn,"Non-binding all-cash proposal (initial ≈US$14.86/ADS ≈¥2,200/sh; revised ≈¥2,700/sh, ~US$47bn) — never launched TOB",True,False,False,False,False,False,False,2700.0,JPY,True,"≈¥2,700 (indicative)",2200.0,JPY,1.0,True,"≈¥2,200 → ≈¥2,700 (1 revision)",1760.0,JPY,True,"≈¥1,760 (pre-8/19/24 leak; TBV)",53.0,True,≈+53% at revised terms (TBV),Effectively opposed (special committee: undervaluation + US antitrust risk); refused DD for months,Mixed,Yes (independent special committee led process),Yes,Yes — Ito family MBO counter-proposal (~¥9tn) collapsed Feb 2025 when financing failed; standalone plan + York carve-out as defense,Yes,No,No,,False,,False,"METI (FEFTA 'core' designation of Seven & i, Sep 2024)",FTC/DOJ (US antitrust — c-store overlap; divestiture package explored w/ ACT),JFTC,3,True,False,True,False,True,False,False,True,False,False,False,False,True,FEFTA core classification debate (convenience stores as critical infrastructure?); US HSR; METI guidelines on bona fide offers,False,True,False,True,False,False,National-champion protectionism vs shareholder value; ACT alleged stonewalling; management change (Isaka→Dacus); ¥2tn buyback + York sale as defense; Artisan Partners public letters,"ValueAct (long-running), Artisan Partners (vocal letters); arb losses on withdrawal",True,False,False,False,False,False,True,False,False,False,False,False,True,False,False,ACT withdrew 16 Jul 2025 citing lack of engagement; stock derated; standalone restructuring continued,False,False,True,,,,,,False,High confidence,High confidence,Largest-ever attempted foreign takeover of a Japanese company,21,7,46,8,7,2,3,0,1,True,True,False,TBV,TBV,TBV,True,False,True,True,True
JP-028,Parent-subsidiary minority buy-in,Parent-subsidiary / carve-out,2024-10-29,day,2024,2025-01-31,day,3.1,Concluded,Concluded,NEC Networks & System Integration (NESIC),1973 JP / TSE Prime,1973.0,TSE Prime,Network engineering / SI,Industrials / machinery,NEC Corporation,TSE Prime (6701),False,1400.0,False,False,1400,213.0,JPY,False,bn_assumed_(JPY bn default per source column),213,"TOB ¥3,250/sh for ~48% minorities + squeeze-out",True,True,False,False,False,False,False,3250.0,JPY,False,"¥3,250",,,,Unclear/TBV,TBV (bump? TBV),,,True,TBV,30.0,True,TBV (~+30%; TBV),For,For,Yes,Yes,,,No,No,NEC ~52%,True,52.0,True,JFTC,—,—,1,True,False,False,False,False,False,False,True,False,False,False,False,False,Parent-sub TOB fairness (METI/TSE guidance on controlling-shareholder buyouts),False,False,False,False,False,True,Listed-subsidiary discount unwind wave; minority price adequacy,TBV,False,False,False,False,False,False,False,False,False,False,False,False,False,False,False,TOB + squeeze-out; delisted 2025 (TBV),True,True,False,Share consolidation,Share consolidation,2025 (TBV),,,True,Medium,Medium - needs verification,"One of many parent buy-ins in the sample — see also SCSK, Sumitomo Densetsu, NTT Data",43,5,35,6,7,1,2,3,3,True,True,False,TBV,TBV,TBV,False,False,False,True,True
JP-029,PE take-private (dual-price structure controversy),Take-private / MBO,2024-09-30,day,2024,2025-02-28,day,5.0,Concluded,Concluded,T-Gaia Corporation,3738 JP / TSE Prime,3738.0,TSE Prime,Mobile phone distribution,Other,Bain Capital,Unlisted,True,930.0,False,False,930,140.0,JPY,False,bn_assumed_(JPY bn default per source column),140,"TOB for minorities at ¥2,670 while parent Sumitomo Corp sold its ~40% block at a LOWER per-share price (differential pricing)",True,False,False,False,False,False,False,2670.0,JPY,False,"¥2,670 (minorities)",,,,Unclear/TBV,TBV,,,True,TBV,,True,TBV,For,For,Yes,Yes,TBV,Unclear/TBV,No,No,Sumitomo Corp ~40% (seller at lower price),True,40.0,True,JFTC,—,—,1,True,False,False,False,False,False,False,True,False,False,False,False,False,Equal-treatment principle under FIEA TOB rules stress-tested by two-tier pricing; FSA/TSE commentary; shaped 2026 TOB reform discussion,True,False,False,False,False,True,"Whether differential pricing (parent lower, minorities higher) is pro-minority or a rule-arbitrage; ISS/proxy criticism (TBV)",TBV,False,False,False,False,False,False,False,False,False,False,False,False,False,False,False,Completed despite controversy; delisted 2025 (TBV),True,False,False,Share consolidation,Share consolidation,2025 (TBV),,,True,Medium — verify prices/dates,Medium - needs verification,Cited in FIEA TOB-reform debates (rules effective 2026/05/01),36,7,33,7,7,1,2,3,3,True,True,False,TBV,TBV,TBV,False,False,False,True,True
JP-030,Hostile TOB (withdrawn),Contested / hostile bid,2024-12-27,day,2024,2025-05-09,day,4.4,Failed (bidder withdrew),Failed,"Makino Milling Machine Co., Ltd.",6135 JP / TSE Prime,6135.0,TSE Prime,Machine tools,Industrials / machinery,Nidec Corporation,TSE Prime (6594),False,1700.0,False,False,1700,257.0,JPY,False,bn_assumed_(JPY bn default per source column),257,"Consentless TOB intent at ¥11,000/sh announced 27 Dec 2024 with April 2025 launch date (ultimatum structure); launched Apr 2025 then withdrew",True,False,False,False,False,False,False,11000.0,JPY,False,"¥11,000",11000.0,JPY,0.0,False,"¥11,000",7750.0,JPY,True,"≈¥7,750 (TBV)",42.0,True,≈+42% (TBV),Opposed (asked for delay; adopted countermeasures; solicited white knights),Mixed,Yes,Yes,Yes — Makino ran market-check; MBK Partners emerged (see separate row),Yes,"Yes — Nidec's 3rd machine-tool pursuit (OKK, Takisawa, Makino)",Yes,,False,,False,JFTC,—,—,1,True,False,False,False,False,False,False,True,False,False,False,False,False,METI guidelines stress test: announcing a TOB months ahead ('fait accompli'); poison-pill countermeasure legitimacy; TOB withdrawal rules,False,True,False,False,False,False,Nidec's aggressive tactics backfired reputationally; board's right to seek alternatives affirmed; premium ultimately topped by white knight,Event funds accumulated; TBV names,True,False,False,False,False,False,False,False,False,False,False,False,False,False,False,Nidec withdrew May 2025 after countermeasures; target went to MBK at higher price,False,False,True,,,,,,False,Medium — verify withdrawal date,Medium - needs verification,Read with MBK/Makino row,23,2,31,6,7,2,3,0,3,True,True,False,TBV,TBV,TBV,False,False,False,True,True
JP-031,White-knight take-private (PE),Take-private / MBO,2025-08-29,day,2025,,,,Concluded (verify final squeeze-out timing),Concluded,"Makino Milling Machine Co., Ltd.",6135 JP / TSE Prime,6135.0,TSE Prime,Machine tools,Industrials / machinery,MBK Partners,Unlisted,True,1800.0,False,False,1800,263.7,JPY,False,bn_assumed_(JPY bn default per source column),263.7,"Agreed take-private TOB (price above Nidec's ¥11,000; final TBV) following market-check",True,False,False,False,False,False,False,11000.0,JPY,True,"TBV (> ¥11,000)",,,,Unclear/TBV,TBV,7750.0,JPY,True,"≈¥7,750 (pre-Nidec; TBV)",55.0,True,TBV (>+55% vs pre-Nidec),For,For,Yes (JPM advised special committee),Yes,Successor to failed Nidec hostile bid,Yes,No,No,TBV,True,,True,JFTC,FEFTA screening (foreign sponsor; machine tools = sensitive) (TBV),—,2,True,False,False,False,True,False,False,True,False,False,False,False,False,FEFTA inward-investment review (machine tools export-control adjacent); FIEA TOB,True,False,False,True,False,False,Hostile pressure → higher white-knight outcome; foreign-PE ownership of dual-use machine-tool tech,TBV,False,False,False,False,False,False,False,False,False,False,False,False,False,False,False,TOB completed; squeeze-out/delisting turn of 2025-26 (TBV),True,True,False,Share consolidation (TBV),Share consolidation,TBV (≈2026 H1),,,True,Verified via search (JPM/Dealogic reference); dates TBV,Verified via current search (Jul 2026),US$1.8bn per JPM 2026 outlook,56,7,31,6,7,1,2,3,4,True,True,False,TBV,TBV,TBV,True,False,False,True,True
JP-032,Merger of equals attempt (failed),Other,2024-12-23,day,2024,2025-02-13,day,1.7,Failed (talks terminated),Failed,Nissan Motor Co. (with Mitsubishi Motors optionality),7201 JP / TSE Prime,7201.0,TSE Prime,Automotive,Automotive / mobility,Honda Motor Co. (proposed JV holding company),TSE Prime (7267),False,58.0,True,False,≈$58bn combined mkt-cap context (n.m.),,JPY,False,,n.m.,MOU for joint holding company (target listing Aug 2026); collapsed when Honda pivoted to making Nissan a subsidiary,False,False,False,False,False,False,False,,,False,,,,,,,,,False,,,False,,Both boards initially supportive of MOU,Other,No,No,Foxconn (Hon Hai) interest in Nissan stake before/after — complicating factor,Yes,No,No,n/a (Renault cross-holding legacy in background),True,,False,Would have required global merger control,—,—,1,False,False,False,False,False,False,False,False,False,False,False,False,True,n/a (terminated pre-agreement),False,False,False,False,False,False,Rescue-merger optics; pride/subsidiarization dispute; Nissan restructuring credibility; METI soft encouragement,Effissimo historic stake in Nissan (TBV current); event funds whipsawed,True,True,False,False,False,False,False,False,False,False,False,False,False,False,False,Terminated 13 Feb 2025; Nissan pursued standalone restructuring + partnerships,False,False,False,,,,,,False,High confidence,High confidence,Largest failed domestic combination of the window,32,4,6,1,7,2,6,0,1,True,True,False,TBV,TBV,TBV,False,False,False,False,True
JP-033,Cross-border outbound (insurance),Cross-border outbound,2024-12-11,day,2024,2025-07-01,day,6.6,Concluded (TBV exact close),Concluded,Resolution Life Group Holdings,Unlisted (Bermuda),,Unlisted,Life insurance run-off consolidator,Financials (banking/insurance),Nippon Life Insurance Company,Mutual (unlisted),True,8200.0,False,False,8200,1200.0,JPY,True,converted_tn_to_bn,≈¥1.2tn equiv.,Acquisition of remaining interests (100% control),False,False,False,False,False,False,False,,,False,,,,,,,,,False,,,False,,For,For,No,No,,,Yes — staged: prior minority investments since 2019,Yes,Existing ~23% stake (TBV),True,23.0,True,Bermuda BMA / multi-jurisdiction insurance regulators,US state insurance depts,—,2,False,False,False,False,False,False,False,False,False,False,True,False,False,Insurance change-of-control approvals across jurisdictions,False,False,False,False,False,False,Japanese insurers' offshore capital deployment wave,,False,False,False,False,False,False,False,False,False,False,False,False,False,False,False,Completed 2025 (TBV),False,False,False,,,,,,False,Medium,Medium - needs verification,Largest-ever acquisition by a Japanese insurer at announcement,17,3,30,3,9,1,2,0,3,True,True,False,TBV,TBV,TBV,True,False,False,False,True
JP-034,Cross-border outbound (chemicals),Cross-border outbound,2024-12-03,day,2024,2025-07-15,day,7.4,Concluded (TBV exact close),Concluded,AOC (composite resins; from Lone Star),Unlisted,,Unlisted,Specialty chemicals,Other,Nippon Paint Holdings,TSE Prime (4612),False,4350.0,False,False,4350,650.0,JPY,True,bn,≈¥650bn equiv.,100% private acquisition from sponsor,False,False,False,False,False,False,False,,,False,,,,,,,,,False,,,False,,For,For,No,No,Auction,Yes,No,No,,False,,False,US/EU antitrust,—,—,1,False,False,False,False,False,False,True,False,False,False,False,False,True,Merger control only,False,False,False,False,False,False,'Asset assembler' M&A model; leverage appetite,,False,False,False,False,False,False,False,False,False,False,False,False,False,False,False,Closed 2025 (TBV),False,False,False,,,,,,False,Medium,Medium - needs verification,,14,3,53,7,9,1,2,0,3,True,True,False,TBV,TBV,TBV,False,False,False,False,True
JP-035,Activist campaign,Activist campaign,2024-01-15,day,2024,2024-12-31,day,11.5,Concluded (substantial wins),Concluded,"Mitsui Fudosan Co., Ltd.",8801 JP / TSE Prime,8801.0,TSE Prime,Real estate,Other,Elliott Management (campaign),,False,2.5,True,True,Stake ~2.5% (≈$1bn; TBV),,JPY,True,,TBV,Private-then-public pressure: demanded ~¥1tn buyback & sale of Oriental Land (4661) stake,False,False,False,False,False,False,False,,,False,,,,,,,,,False,,,False,,,,No,No,,,No,No,≈2.5% (TBV),True,2.5,True,—,—,—,0,False,False,False,False,False,False,False,False,False,False,False,False,False,TSE capital-efficiency regime backdrop,False,False,False,False,False,True,Cross-holding of OLC; developer P/B <1,Elliott,True,False,False,True,False,False,False,False,False,False,False,False,False,False,False,Company announced large buybacks + partial OLC sell-down + capital plan (2024); campaign de-escalated,False,False,False,,,,,,False,High confidence (stake size TBV),High confidence,,1,1,44,7,7,1,0,0,1,True,True,False,TBV,TBV,TBV,False,False,False,False,True
JP-036,Activist campaign,Activist campaign,2024-06-01,day,2024,,,,Concluded/partially resolved (TBV),Concluded,Sumitomo Corporation,8053 JP / TSE Prime,8053.0,TSE Prime,Trading house (sogo shosha),Other,Elliott Management (campaign),,False,500.0,True,True,Stake reported >$500mn (TBV),,JPY,True,,TBV,Engagement on buybacks/portfolio; company responded with capital-return upgrades,False,False,False,False,False,False,False,,,False,,,,,,,,,False,,,False,,,,No,No,,,No,No,TBV,True,,True,—,—,—,0,False,False,False,False,False,False,False,False,False,False,False,False,False,—,False,False,False,False,False,False,Berkshire-driven shosha rerating; laggard valuation vs peers,Elliott,True,False,False,True,False,False,False,False,False,False,False,False,False,False,False,Enhanced buyback/shareholder-return policy (2024-25),False,False,False,,,,,,False,Medium,Medium - needs verification,,1,1,57,7,7,1,0,0,3,True,True,False,TBV,TBV,TBV,False,False,False,False,True
JP-037,Activist campaign,Activist campaign,2024-10-01,day,2024,,,,Concluded/rolling (TBV),Concluded,SoftBank Group Corp.,9984 JP / TSE Prime,9984.0,TSE Prime,Tech investment holding,Other,Elliott Management (campaign; rebuilt >$2bn stake 2024),,False,2000.0,False,True,"Stake >$2,000mn (reported)",,JPY,True,,TBV,Buyback demands vs NAV discount,False,False,False,False,False,False,False,,,False,,,,,,,,,False,,,False,,,,No,No,,,Yes — prior 2020 & 2022 campaigns,Yes,TBV,True,,True,—,—,—,0,False,False,False,False,False,False,False,False,False,False,False,False,False,—,False,False,False,False,False,False,NAV discount vs AI capex pivot (Stargate/OpenAI) changing the thesis,Elliott,True,False,False,True,False,False,False,False,False,False,False,False,False,False,False,Periodic buybacks; discount later closed by AI rally (TBV),False,False,False,,,,,,False,Medium,Medium - needs verification,,1,1,56,7,7,1,0,0,3,True,True,False,TBV,TBV,TBV,False,False,False,False,True
JP-038,Activist campaign (EGM escalation),Activist campaign,2023-10-01,day,2023,2025-06-30,day,21.0,Concluded/partially resolved,Concluded,"Keisei Electric Railway Co., Ltd.",9009 JP / TSE Prime,9009.0,TSE Prime,Rail / holder of ~20% Oriental Land,Other,Palliser Capital (campaign),,False,1.6,True,True,Stake ~1.6%+ (TBV),,JPY,True,,TBV,EGM special resolution (Mar 2024) demanding partial OLC monetization — failed but ~29% support; continued pressure 2024-25,False,False,False,False,False,False,False,,,False,,,,,,,,,False,,,False,,Opposed,Opposed,No,No,,,Yes (multi-year),Yes,≈1.6% (TBV),True,1.6,True,—,—,—,0,False,False,False,False,False,False,False,False,False,False,False,False,False,Companies Act EGM/shareholder proposal mechanics; ISS/GL supported aspects (TBV),False,False,True,False,False,False,Holding-company discount via OLC stake; capital efficiency vs rail capex,Palliser (lead),True,False,False,False,False,False,False,False,False,False,False,False,False,False,True,Keisei announced partial OLC sell-downs + buybacks (2024-25); campaign wound down (TBV),False,False,False,,,,,,False,Medium,Medium - needs verification,,2,1,43,7,7,1,5,0,3,True,True,False,TBV,TBV,TBV,False,False,False,False,True
JP-039,Activist campaign (stake unwind + buyback),Activist campaign,2024-05-01,day,2024,2025-03-31,day,11.0,Concluded,Concluded,Exedy Corporation,7278 JP / TSE Prime,7278.0,TSE Prime,Auto parts (clutches),Automotive / mobility,Murakami group (City Index Eleventh etc.),,False,30.0,True,True,Stake ~30%+ at peak (TBV),,JPY,True,,TBV,Bought Aisin's exiting block (~33%); pressured; company executed very large buyback/tender; Murakami exited,False,False,False,False,False,False,False,,,False,,,,,,,,,False,,,False,,Engaged,Engaged,No,No,,,Yes (Murakami playbook),Yes,≈33% (from Aisin block),True,33.0,True,—,—,—,0,False,False,False,False,False,False,False,False,False,False,False,False,False,Cross-shareholding unwind meets activist accumulation; buyback/ToSTNeT mechanics,False,False,False,False,False,False,'Buyback greenmail' criticism vs efficient capital return,Murakami group,True,False,False,False,False,False,False,False,True,False,False,False,False,False,False,Company buyback absorbed stake; activist exit with profit (2024-25) (TBV specifics),False,False,False,,,,,,False,Medium — verify,Medium - needs verification,Template repeated across Murakami positions,6,1,4,1,7,1,1,0,3,True,True,False,TBV,TBV,TBV,False,True,False,False,True
JP-040,Carve-out sale to PE (from listed parent),Parent-subsidiary / carve-out,2025-02-07,day,2025,2025-10-01,day,7.8,Concluded (TBV exact close),Concluded,Mitsubishi Tanabe Pharma Corporation,Unlisted (parent 4188 JP),,Unlisted,Pharmaceuticals,Healthcare / pharma,Bain Capital,Unlisted,True,3300.0,False,False,3300,510.0,JPY,False,bn_assumed_(JPY bn default per source column),510,100% purchase from Mitsubishi Chemical Group,False,False,False,False,False,False,False,,,False,n/a (private sale),,,,,,,,False,,,False,,Seller board approved,For,No,No,Auction,Yes,No,No,,False,,False,JFTC,Foreign antitrust (TBV),—,2,True,False,False,False,False,False,False,True,False,False,False,False,True,Merger control; pharma licenses,False,False,False,False,False,False,MCG portfolio focus under new CEO; Japan pharma carve-out wave,,False,False,False,False,False,False,False,False,False,False,False,False,False,False,False,Closed 2025 (TBV),False,False,False,,,,,,False,Medium,Medium - needs verification,,9,5,39,5,9,1,2,0,3,True,True,False,TBV,TBV,TBV,True,False,False,True,True
JP-041,PE take-private (ex-activist target),Activist campaign,2025-03-28,day,2025,2025-09-30,day,6.1,Concluded (TBV),Concluded,Topcon Corporation,7732 JP / TSE Prime,7732.0,TSE Prime,Precision instruments (positioning/eyecare),Other,KKR + JIC Capital consortium,KKR US; JIC unlisted,True,2300.0,False,True,2300,350.0,JPY,False,bn_assumed_(JPY bn default per source column),350,"TOB ¥3,300/sh + squeeze-out (TBV structure detail)",True,True,False,False,False,False,False,3300.0,JPY,False,"¥3,300",,,,Unclear/TBV,TBV,,,True,TBV,60.0,True,TBV (~+60% vs pre-process; TBV),For,For,Yes,Yes,Auction with multiple sponsors (TBV),Yes,No,No,ValueAct ~14% supportive holder (TBV),True,14.0,True,JFTC,FEFTA (foreign sponsor; sensitive positioning tech) (TBV),Foreign antitrust,3,True,False,False,False,True,False,False,True,False,False,False,False,True,FEFTA screening; FIEA TOB,True,False,False,True,False,False,Activist (ValueAct) catalyzed strategic review → state-linked JIC co-investing alongside foreign PE (novel pairing),ValueAct (catalyst),True,False,False,False,False,False,True,False,False,False,False,False,False,False,False,TOB + squeeze-out (TBV dates),False,True,False,Share consolidation,Share consolidation,2025 (TBV),,,True,Medium,Medium - needs verification,,37,1,41,7,7,1,2,3,3,True,True,False,TBV,TBV,TBV,True,False,False,True,True
JP-042,Parent-subsidiary minority buy-in (mega),Parent-subsidiary / carve-out,2025-05-08,day,2025,2025-07-29,day,2.7,Concluded,Concluded,NTT Data Group Corporation,9613 JP / TSE Prime,9613.0,TSE Prime,IT services,Technology / software,Nippon Telegraph and Telephone Corporation (NTT),TSE Prime (9432),False,16300.0,False,False,16300,2370.0,JPY,False,bn_assumed_(JPY bn default per source column),2370,"TOB ¥4,000/sh for ~42% minorities + squeeze-out",True,True,False,False,False,False,False,4000.0,JPY,False,"¥4,000",4000.0,JPY,0.0,False,"¥4,000",2990.0,JPY,True,"≈¥2,990 (TBV)",34.0,True,≈+34% (TBV),For,For,Yes,Yes,,,No,No,NTT ~58%,True,58.0,True,JFTC,Foreign antitrust (TBV),—,2,True,False,False,False,False,False,False,True,False,False,False,False,True,Controlling-shareholder buyout fairness; NTT Law backdrop,False,False,False,False,False,False,Largest parent-sub buy-in ever in Japan; index-flow mechanics; minority premium adequacy,None named,False,False,False,False,False,False,False,False,False,False,False,False,False,False,False,TOB + squeeze-out; delisted Jul 2025 (TBV exact date),True,True,False,Share consolidation,Share consolidation,2025/07 (TBV),2025-07,month,True,High confidence (dates TBV),High confidence,,44,5,26,10,7,1,2,3,1,True,True,False,TBV,TBV,TBV,True,False,False,True,True
JP-043,Group take-private (governance-driven),Take-private / MBO,2025-06-03,day,2025,2026-03-31,day,9.9,Concluded (TOB completed Mar 2026; squeeze-out in train),Concluded,Toyota Industries Corporation,6201 JP / TSE Prime,6201.0,TSE Prime,Auto parts / forklifts (Toyota Group nucleus),Automotive / mobility,"Toyota Fudosan Co., Ltd. (with investment from Akio Toyoda & Toyota Motor; group cross-holding unwind)",Unlisted (Toyota group),True,31200.0,False,False,31200,4700.0,JPY,False,bn_assumed_(JPY bn default per source column),4700,"TOB ¥16,300/sh (launched Jan 2026, completed Mar 2026) + preferred/common investments by Toyota Motor & Chairman Toyoda; unwind of circular holdings",True,False,False,False,False,False,False,16300.0,JPY,False,"¥16,300",16300.0,JPY,0.0,False,"¥16,300 (no bump despite objections)",13225.0,JPY,True,"≈¥13,225 (2025/04/25 pre-report close; TBV)",23.0,True,≈+23% (criticized as low; TBV),For (special committee approved amid dissent from minority investors),For,Yes,Yes,None (group solution),No,No,No,Toyota group companies ~38%+ aggregate (TBV),True,38.0,True,JFTC,Foreign antitrust (TBV),—,2,True,False,False,False,False,False,False,True,False,False,False,False,True,Controlling-group buyout fairness; METI guidelines; index exclusion mechanics; cross-shareholding policy,False,True,False,False,False,False,Premium adequacy (initial reports of ¥18k-area hopes); minority investors (incl. overseas funds) publicly objected; governance concentration under Chairman Toyoda; real-estate value of Toyota Fudosan as acquirer,"Foreign institutional dissent (e.g., UK/US funds; names TBV); event funds active",True,False,False,False,False,False,False,False,False,False,False,False,False,False,False,TOB completed Mar 2026 (US$31.2bn per RECOF/Lexology); squeeze-out/delisting to follow,True,True,False,Share consolidation (expected),Share consolidation,2026 (expected; TBV),,,True,Verified via search (completion Mar 2026),Verified via current search (Jul 2026),Largest Japan take-private ever,22,7,5,1,7,1,2,3,4,True,True,False,TBV,TBV,TBV,True,False,False,True,True
JP-044,Hostile cross-border TOB (won) vs white knight,Cross-border outbound,2025-02-05,day,2025,2025-10-20,day,8.4,Concluded (hostile bidder won),Concluded,"Shibaura Electronics Co., Ltd.",6957 JP / TSE Standard,6957.0,TSE Standard,NTC thermistors (sensors),Other,Yageo Corporation (Taiwan) — winner; MinebeaMitsumi — white knight (withdrew),Yageo 2327 TT / TWSE; Minebea 6479 JP,False,740.0,False,False,740,110.0,JPY,False,bn_assumed_(JPY bn default per source column),110,"Yageo consentless TOB ¥4,300 (Feb intent; launched 2025/05/09) vs Minebea white-knight TOB ¥4,500→¥5,500→¥6,200; Yageo final ¥7,130; 60+ business-day contest",True,False,False,False,False,False,False,7130.0,JPY,False,"¥7,130 (Yageo)",4300.0,JPY,2.0,True,"Yageo ¥4,300→¥6,635→¥7,130 (multiple bumps); Minebea capped at ¥6,200",2025.0,,True,TBV (pre-2025/02/05),65.0,True,TBV (final >+65% vs Yageo's own initial bid),Opposed Yageo initially / For Minebea; withdrew opposition to Yageo Sep 2025 as price gap widened,Mixed,Yes,Yes,Yes — full white-knight auction,Yes,No,No,,False,,False,MOF/METI — FEFTA 'core designated business' review (~7 months; conditions imposed),JFTC,Taiwan outbound approvals (TBV),3,True,False,True,False,True,False,False,True,False,False,False,False,False,FEFTA core national-security review (thermistors classified core Aug 2025); first successful hostile foreign takeover of a FEFTA-core Japanese listco; TOB extension mechanics,False,False,False,True,False,False,Economic security vs open markets; whether FEFTA delay would kill the higher bid; board's duty when foreign hostile bid is highest; Minebea's 'synergy needs trust' argument failed,Event-driven funds decisive in tendering to higher bid,True,False,False,False,False,False,False,False,False,False,False,False,False,False,False,Yageo cleared FEFTA with conditions (Sep 2025); TOB succeeded 3 Oct 2025 (settlement 20 Oct); squeeze-out; delisted 13 Jan 2026; 100% held 15 Jan 2026,True,True,False,Share consolidation,Share consolidation,2026/01/13,2026-01-13,day,False,Verified via search,Verified via current search (Jul 2026),Watershed for foreign hostile M&A in Japan,25,3,34,7,8,1,3,3,4,True,True,False,TBV,TBV,TBV,True,False,True,True,True
JP-045,Carve-out sale to PE (activist-driven breakup),Activist campaign,2025-03-06,day,2025,2025-09-01,day,5.9,Concluded,Concluded,"York Holdings (Ito-Yokado, York-Benimaru et al. — Seven & i superstore business)",Unlisted (parent 3382 JP),,Unlisted,Supermarkets / GMS,Other,Bain Capital (parent & founding family retain minority),Unlisted,True,5400.0,False,True,5400,814.7,JPY,False,bn_assumed_(JPY bn default per source column),814.7,~60% sale of carved-out York Holdings; EV ¥814.7bn,False,False,False,False,False,False,False,,,False,,,,,,,,,False,,,False,,Seller board approved (defense-driven),For,"Yes (at parent, re ACT context)",Yes,"Auction (KKR, Fortress et al.; TBV)",Yes,No,No,,False,,False,JFTC,—,—,1,True,False,False,False,False,False,False,True,False,False,False,False,False,Merger control,False,False,False,False,False,False,Breakup executed under ACT siege & activist pressure; valuation vs book; founding-family reinvestment,ValueAct/Artisan pressure at parent as backdrop,True,False,False,False,False,False,True,False,False,False,False,False,False,False,False,Closed 1 Sep 2025,False,False,False,,,,,,False,High confidence,High confidence,Read with ACT row,8,1,55,7,9,1,2,0,1,True,True,False,TBV,TBV,TBV,False,False,False,True,True
JP-046,Cross-border outbound (insurance),Cross-border outbound,2025-04-23,day,2025,,,,Concluded 2026 (TBV),Concluded,Aspen Insurance Holdings,AHL US / NYSE (re-IPO'd 2025),,NYSE (re-IPO'd 2025),Specialty (re)insurance,Financials (banking/insurance),Sompo Holdings,TSE Prime (8630),False,3500.0,False,False,3500,500.0,JPY,True,bn,≈¥500bn equiv.,Cash acquisition from Apollo-controlled holder (US$37.50/sh; TBV),False,False,False,False,False,False,False,37.5,USD,True,US$37.50 (TBV),,,,Unclear/TBV,TBV,,,True,TBV,,True,TBV,For,For,No,No,,,No,No,,False,,False,Bermuda BMA / US state regulators,Lloyd's/PRA (TBV),—,2,False,False,False,False,False,False,False,False,False,False,True,False,False,Insurance change of control,False,False,False,False,False,False,"Japanese insurer offshore expansion wave (with Nippon Life/Resolution, Meiji Yasuda/L&G US)",,False,False,False,False,False,False,False,False,False,False,False,False,False,False,False,Pending/closing 2026 (TBV),False,False,False,Merger,Merger,TBV,,,True,Medium,Medium - needs verification,,17,3,52,3,6,1,2,1,3,True,True,False,TBV,TBV,TBV,True,False,False,False,True
JP-047,Cross-border outbound (asset management),Cross-border outbound,2025-04-22,day,2025,,,,Concluded 2026 (TBV),Concluded,Macquarie's US & European public asset management business,Unlisted (carve-out),,Unlisted,Asset management,Other,Nomura Holdings,TSE Prime (8604),False,1800.0,False,False,1800,260.0,JPY,True,bn,≈¥260bn equiv.,Carve-out purchase (~$180bn AUM),False,False,False,False,False,False,False,,,False,,,,,,,,,False,,,False,,For,For,No,No,,,No,No,,False,,False,SEC/US approvals,EU/UK regulators,—,2,False,False,False,False,False,False,True,False,False,True,False,False,False,Investment-adviser change of control,False,False,False,False,False,False,Nomura's US retail-AM re-entry post-Archegos era,,False,False,False,False,False,False,False,False,False,False,False,False,False,False,False,Closing 2026 (TBV),False,False,False,,,,,,False,Medium,Medium - needs verification,,13,3,3,7,9,1,2,0,3,True,True,False,TBV,TBV,TBV,True,False,False,False,True
JP-048,Cross-border outbound (tech),Cross-border outbound,2025-03-19,day,2025,,,,Concluded 2025 (TBV),Concluded,Ampere Computing,Unlisted (US),,Unlisted,Semiconductors (Arm server CPUs),Semiconductors / electronics,SoftBank Group,TSE Prime (9984),False,6500.0,False,False,6500,970.0,JPY,True,bn,≈¥970bn equiv.,100% cash acquisition (Carlyle & Oracle exiting),False,False,False,False,False,False,False,,,False,,,,,,,,,False,,,False,,For,For,No,No,,,No,No,Arm ecosystem ties,True,,False,CFIUS (TBV),HSR,—,2,False,False,False,True,False,False,False,True,False,False,False,False,False,US FDI/antitrust,False,False,False,False,False,False,SBG AI-infrastructure pivot (Stargate complex),Elliott stake at SBG (context),True,False,False,True,False,False,False,False,False,False,False,False,False,False,False,Closed 2025 (TBV),False,False,False,,,,,,False,Medium,Medium - needs verification,,20,3,49,9,9,1,2,0,3,True,True,False,TBV,TBV,TBV,True,False,False,False,True
JP-049,Cross-border outbound (robotics carve-out),Cross-border outbound,2025-10-08,day,2025,,,,In progress (close expected 2026),Other/Unclear,ABB Robotics division,Carve-out (ABB: ABBN SW),,Carve-out (ABB: ABBN SW),Industrial robotics,Industrials / machinery,SoftBank Group,TSE Prime (9984),False,5375.0,False,False,5375,800.0,JPY,True,bn,≈¥800bn equiv.,Carve-out purchase (US$5.375bn),False,False,False,False,False,False,False,,,False,,,,,,,,,False,,,False,,For (both),For,No,No,ABB had planned spin-off IPO instead,Yes,No,No,,False,,False,EU/US/China merger control,FDI screenings (multi),—,2,False,False,False,False,False,True,True,False,False,False,False,False,True,Multi-jurisdiction clearances,False,False,False,False,False,False,'Physical AI' thesis; preempted spin-off,—,False,False,False,False,False,False,False,False,False,False,False,False,False,False,False,Pending (expected close 2026),False,False,False,,,,,,False,High confidence,High confidence,,18,3,29,6,3,3,2,0,1,True,True,False,TBV,TBV,TBV,True,False,False,False,True
JP-050,"Cross-border outbound (consortium, aviation leasing)",Cross-border outbound,2025-09-01,day,2025,,,,In progress,Other/Unclear,Air Lease Corporation,AL US / NYSE,,NYSE,Aircraft leasing,Other,Sumitomo Corporation + SMBC Aviation Capital + Apollo + Brookfield consortium,8053 JP / unlisted / APO US / BN US,True,7400.0,False,False,7400,1100.0,JPY,True,converted_tn_to_bn,≈¥1.1tn equity (≈$28bn incl. debt),Cash merger (consortium),False,False,False,True,False,False,False,65.0,USD,True,US$65.00/sh (TBV),,,,Unclear/TBV,TBV,,,True,TBV,7.0,True,TBV (~+7% headline; low-premium debate TBV),For,For,No,No,TBV,Unclear/TBV,No,No,SMBC AC industrial logic,True,,False,HSR / global merger control,Aviation regulators (TBV),—,2,False,False,False,False,False,False,False,True,False,False,False,False,True,Merger control; financing,False,False,False,False,False,False,Japan capital + US sponsors consortium model,TBV,False,False,False,False,False,False,False,False,False,False,False,False,False,False,False,Pending (2026 close expected),False,False,False,Merger,Merger,Expected on close,,,True,Medium (per JPM/Lexology references),Medium - needs verification,,15,3,2,7,5,3,2,1,3,True,True,False,TBV,TBV,TBV,True,False,False,False,True
JP-051,Parent-subsidiary minority buy-in,Parent-subsidiary / carve-out,2025-10-30,day,2025,2026-03-31,day,5.0,Concluded,Concluded,SCSK Corporation,9719 JP / TSE Prime,9719.0,TSE Prime,IT services,Technology / software,Sumitomo Corporation,TSE Prime (8053),False,5880.0,False,False,5880,900.0,JPY,True,bn,≈¥900bn equiv.,Cash TOB (launched Oct 2025) + share consolidation squeeze-out (completed Mar 2026),True,True,False,False,False,False,False,,,True,TBV,,,,Unclear/TBV,TBV,,,True,TBV,,True,TBV,For,For,Yes,Yes,,,No,No,Sumitomo ~50%+,True,50.0,True,JFTC,—,—,1,True,False,False,False,False,False,False,True,False,False,False,False,False,Controlling-shareholder buyout fairness,False,False,False,False,False,False,Trading houses internalizing IT-services value (cf. NTT Data),TBV,False,False,False,False,False,False,False,False,False,False,False,False,False,False,False,Squeeze-out completed Mar 2026,False,True,False,Share consolidation,Share consolidation,2026 (TBV),,,True,Verified via search (Lexology/RECOF),Verified via current search (Jul 2026),Announced/launch dates approximate (Oct 2025) — TBV exact,43,5,26,10,7,1,2,3,4,True,True,False,TBV,TBV,TBV,False,False,False,True,True
JP-052,Third-party TOB for listed subsidiary (parent sells),Other,2025-10-15,day,2025,2026-03-31,day,5.5,Concluded,Concluded,"Sumitomo Densetsu Co., Ltd.",1949 JP / TSE Prime,1949.0,TSE Prime,Electrical engineering/facilities,Industrials / machinery,"Daiwa House Industry Co., Ltd. (Sumitomo Electric selling)",TSE Prime (1925),False,1130.0,False,False,1130,170.0,JPY,True,bn,≈¥170bn equiv.,Cash TOB (Oct 2025) + share consolidation (Mar 2026); parent Sumitomo Electric exited to third party,True,False,False,False,False,False,False,,,True,TBV,,,,Unclear/TBV,TBV,,,True,TBV,,True,TBV,For,For,Yes,Yes,TBV,Unclear/TBV,No,No,Sumitomo Electric ~50% seller,True,50.0,True,JFTC,—,—,1,True,False,False,False,False,False,False,True,False,False,False,False,False,Listed-sub exit via third-party TOB (METI guidance preferred route),False,False,False,False,False,False,Model for parent exits at premium vs in-group buy-ins,TBV,False,False,False,False,False,False,False,False,False,False,False,False,False,False,False,Completed Mar 2026,False,False,False,Share consolidation,Share consolidation,2026 (TBV),,,True,Verified via search (Lexology/RECOF),Verified via current search (Jul 2026),Announced date approximate (Oct 2025) — TBV exact,53,4,16,6,7,1,2,3,4,True,True,False,TBV,TBV,TBV,False,False,False,True,True
JP-053,PE take-private (post-activism),Take-private / MBO,2025-09-17,day,2025,,,,Concluded/closing (TBV),Concluded,"Fujitec Co., Ltd.",6406 JP / TSE Prime,6406.0,TSE Prime,Elevators/escalators,Other,EQT,EQT SS / Nasdaq Stockholm,False,2800.0,False,False,2800,407.8,JPY,False,bn_assumed_(JPY bn default per source column),407.8,Take-private TOB + squeeze-out (¥ per-share TBV),True,True,False,False,False,False,False,,,True,TBV,,,,Unclear/TBV,TBV,,,True,TBV,,True,TBV,For,For,Yes,Yes,TBV (auction reported),Yes,No,No,Oasis ~17% legacy stake (TBV),True,17.0,True,JFTC,China antitrust (large China business) (TBV),FEFTA (TBV),3,True,False,False,False,True,True,False,True,False,False,False,False,True,FIEA TOB; foreign clearances,True,False,False,False,False,False,Endgame of Oasis's multi-year governance war (2022-23 chairman ouster); PE as exit for activist,Oasis Management (multi-year campaign preceding sale),True,False,False,False,False,False,False,True,False,False,False,False,False,False,False,TOB completed / squeeze-out in train (TBV dates),False,True,False,Share consolidation,Share consolidation,TBV (2026),,,True,Medium — ¥407.8bn per Chambers; verify dates/price,Medium - needs verification,Announced date approximate — TBV,38,7,20,7,7,1,2,3,3,True,True,False,TBV,TBV,TBV,True,False,False,True,True
JP-054,Activist campaign,Activist campaign,2025-02-01,day,2025,,,,In progress / partially resolved,Other/Unclear,"Tokyo Gas Co., Ltd.",9531 JP / TSE Prime,9531.0,TSE Prime,Gas utility (large real-estate book),Other,"Elliott Management (campaign, ~5%)",,False,5.0,True,True,Stake ~5% (≈$1bn; TBV),,JPY,True,,TBV,"Demands: monetize ¥1tn+ real-estate portfolio, raise returns",False,False,False,False,False,False,False,,,False,,,,,,,,,False,,,False,,Engaged,Engaged,No,No,,,No,No,≈5%,True,5.0,True,—,—,—,0,False,False,False,False,False,False,False,False,False,False,False,False,False,Utility-sector sensitivities; TSE reform backdrop,False,False,False,False,False,True,Hidden-asset (real estate) thesis applied to utilities,Elliott,True,False,False,True,False,False,False,False,False,False,False,False,False,False,False,Company upgraded capital-return/asset-review plans (2025) (TBV); position ongoing,False,False,False,,,,,,False,Medium,Medium - needs verification,,1,1,21,7,7,3,1,0,3,True,True,False,TBV,TBV,TBV,False,False,False,False,True
JP-055,"Activist campaign (proxy fight, media)",Activist campaign,2025-01-20,day,2025,2025-06-25,day,5.1,Concluded (nominees lost; board overhauled anyway),Concluded,Fuji Media Holdings,4676 JP / TSE Prime,4676.0,TSE Prime,Broadcasting / real estate,Other,Dalton Investments / Rising Sun Management (campaign); SBI's Kitao aligned pressure,,False,7.0,True,True,Stake ~7%+ (with related; TBV),,JPY,True,,TBV,12-director slate at June 2025 AGM after Nakai scandal & sponsor exodus; demands incl. real-estate separation,False,False,False,False,False,False,False,,,False,,,,,,,,,False,,,False,,Opposed slate,Opposed,No,No,,,Yes (Dalton long-running FMH engagement),Yes,≈7% + allies (TBV),True,7.0,True,Broadcast Act foreign-ownership caps (constrains activism/M&A),—,—,1,False,False,False,False,False,False,False,False,False,False,False,True,False,Broadcast Act 20% foreign voting cap — unique regulatory friction for media activism,False,False,False,False,False,False,Governance collapse post-scandal; property assets vs broadcast core; foreign-cap loopholes,Dalton/Rising Sun (lead); others on register,True,False,False,False,False,False,False,False,False,False,True,False,False,False,False,AGM slate defeated (Jun 2025) but board/management substantially replaced under pressure,False,False,False,,,,,,False,High confidence (stake TBV),High confidence,,5,1,8,7,7,1,5,0,1,True,True,False,TBV,TBV,TBV,False,False,False,False,True
JP-056,Strategic TOB (long-gestation parent exit),Strategic TOB,2025-11-21,day,2025,,,,In progress (TOB 2026; TBV),Other/Unclear,Fujitsu General Limited,6755 JP / TSE Prime,6755.0,TSE Prime,Air conditioning,Other,Paloma Rheem Holdings,Unlisted,True,1700.0,False,False,1700,256.0,JPY,False,bn_assumed_(JPY bn default per source column),256,TOB for all shares incl. Fujitsu's ~42% (per-share TBV),True,False,False,False,False,False,False,,,True,TBV,,,,Unclear/TBV,TBV,,,True,TBV,,True,TBV,For (TBV),Unclear/TBV,Yes (TBV),Yes,Multi-year strategic review with several suitors before Paloma (TBV),Yes,No,No,Fujitsu ~42% seller,True,42.0,True,JFTC,Foreign antitrust (TBV),—,2,True,False,False,False,False,False,False,True,False,False,False,False,True,FIEA TOB,True,False,False,False,False,False,Fujitsu portfolio exit finally executed after aborted processes,TBV,False,False,False,False,False,False,False,False,False,False,False,False,False,False,False,Pending (TBV),False,False,False,Share consolidation (expected),Share consolidation,TBV,,,True,Low/Medium — dates & terms TBV,Low - needs verification,Verify announcement date & price before publication,47,6,1,7,7,3,7,3,2,True,True,False,TBV,TBV,TBV,True,False,False,True,True
JP-057,Activist-driven sector consolidation,Activist campaign,2024-02-28,day,2024,2025-12-01,day,21.1,Concluded (TBV final step dates),Concluded,Tsuruha Holdings / Welcia Holdings (merger; Aeon consolidation),3391 JP / 3141 JP,3391.0,3141 JP,Drugstores,Other,"Aeon Co., Ltd. (top shareholder; share exchange integration)",TSE Prime (8267),False,2.0,False,True,n.m. (share exchange; combined sales ¥2tn+),,JPY,False,,n.m.,Aeon bought Oasis's Tsuruha block (2024) → Tsuruha-Welcia share-exchange merger → Aeon-consolidated drugstore leader,False,False,False,True,False,False,False,,,False,n/a (exchange ratios),,,,,,,,False,,,False,,For (all boards),For,Yes (conflict management re Aeon),Yes,,,Yes (Aeon staged consolidation),Yes,Aeon ~13→25%+ Tsuruha; ~51% Welcia (TBV),True,25.0,True,JFTC (major retail overlap),—,—,1,True,False,False,False,False,False,False,True,False,False,False,False,False,JFTC review of #1 drugstore combination; share-exchange (kabushiki kōkan) mechanics,False,False,False,False,False,False,Oasis's stake sale as catalyst; minority terms in exchange ratio; creation of national champion,Oasis Management (Tsuruha stake; catalyst & seller),True,False,False,False,False,False,False,True,False,False,False,False,False,False,False,Integration completed 2025 (TBV steps),False,False,False,Share exchange,Share exchange,Welcia via exchange (TBV),,,True,Medium — verify structure dates,Medium - needs verification,,7,1,14,7,1,1,2,4,3,True,True,False,TBV,TBV,TBV,False,False,False,True,True
JP-058,Cross-border carve-out (inbound purchase of division),Cross-border outbound,2026-02-10,day,2026,,,,In progress,Other/Unclear,Renesas Electronics — timing products business,Carve-out (parent 6723 JP),,Carve-out (parent 6723 JP),Semiconductors (timing),Semiconductors / electronics,SiTime Corporation,SITM US / Nasdaq,False,2900.0,False,False,2900,440.0,JPY,True,bn,≈¥440bn equiv.,Cash purchase of business unit,False,False,False,False,False,False,False,,,False,,,,,,,,,False,,,False,,For,For,No,No,TBV,Unclear/TBV,No,No,,False,,False,HSR / global antitrust,FEFTA (outbound tech transfer angle TBV),—,2,False,False,False,False,True,False,False,True,False,False,False,False,True,Merger control,False,False,False,False,False,False,Renesas deleveraging/portfolio pruning after Altium,,False,False,False,False,False,False,False,False,False,False,False,False,False,False,False,Pending,False,False,False,,,,,,False,Verified via search (announced Feb 2026),Verified via current search (Jul 2026),Exact announce date TBV,11,3,51,9,4,3,2,0,4,True,True,False,TBV,TBV,TBV,True,False,False,False,True
JP-059,PE take-private (recapitalization),Take-private / MBO,2026-03-23,day,2026,,,,In progress (shareholder vote Jun 2026; close ~Mar 2027),Other/Unclear,"Nippon Sheet Glass Company, Limited",5202 JP / TSE Prime,5202.0,TSE Prime,Glass (architectural/auto/solar),Automotive / mobility,Apollo Global Management (Apollo Funds),APO US / NYSE,False,3700.0,False,False,3700,590.0,JPY,False,bn_assumed_(JPY bn default per source column),590,Take-private at ¥500/sh + ¥165bn new equity + lender debt-for-equity swap (comprehensive recap); largest Apollo Japan PE deal,False,False,False,False,False,False,False,500.0,JPY,False,¥500,500.0,JPY,0.0,False,¥500,500.0,JPY,True,TBV (traded well below ¥500 pre-deal),,True,TBV (significant premium per reports),For,For,Yes (TBV),Yes,TBV,Unclear/TBV,No,No,Lender coordination (SMBC et al.) central,True,,False,JFTC,Multi-jurisdiction antitrust/FDI,METI (watching; friendly-buyout framing),3,True,False,True,False,False,False,False,True,False,False,False,False,True,Scheme includes debt restructuring; shareholder approval June 2026; FEFTA (TBV classification),False,False,False,True,False,False,Rescue-style P2P of over-levered industrial; solar/EV glass pivot; precedent for creditor-led take-privates,TBV,False,False,False,False,False,False,False,False,False,False,False,False,False,False,False,"Pending — vote Jun 2026, close ~Mar 2027, delist expected ~Nov 2026 (reports differ; TBV)",True,False,False,TBV (likely share consolidation post-TOB or squeeze-out via vote),Share consolidation,Expected 2026 H2 (TBV),,,True,Verified via search (announced 2026/03/23),Verified via current search (Jul 2026),,39,7,22,1,7,3,2,3,4,True,True,False,TBV,TBV,TBV,True,False,False,True,True
JP-060,"PE take-private (activist-assisted, discount TOB)",Activist campaign,2026-03-31,day,2026,,,,In progress (TOB expected from ~Oct 2026),Other/Unclear,"Taiyo Holdings Co., Ltd.",4626 JP / TSE Prime,4626.0,TSE Prime,Electronic materials (solder resist),Semiconductors / electronics,KKR,KKR US / NYSE,False,3330.0,False,True,3330,528.6,JPY,False,bn_assumed_(JPY bn default per source column),528.6,"TOB ¥4,750/sh — a 4.7% DISCOUNT to unaffected close; DIC (largest holder), founding-family Kowa, and Oasis funds agreed to tender/participate (42.2% combined)",True,False,False,False,False,False,False,4750.0,JPY,False,"¥4,750",4750.0,JPY,0.0,False,"¥4,750",4984.0,JPY,True,"≈¥4,984 (implied; 2026/03/30 close)",4.7,True,≈ -4.7% (discount — highly unusual),For (unanimous),For,Yes (TBV),Yes,Multiple strategic proposals evaluated pre-KKR,Yes,"Yes — KKR serial Japan buyer (Topcon, Fuji Soft, Kokusai)",Yes,Tender agreements 42.2% (DIC + Kowa + Oasis),True,42.2,False,JFTC,Foreign antitrust (China exposure) (TBV),FEFTA (TBV),3,True,False,False,False,True,True,False,True,False,False,False,False,True,FIEA TOB; long gap to launch (~Oct 2026) = regulatory prep; new 30% mandatory-TOB regime (eff. 2026/05/01) backdrop,True,False,False,False,False,False,Discount take-private tests minority protections — stock had run on AI-materials speculation; activist (Oasis) selling into discount raises 'private deal for insiders' critique,"Oasis Management (holder, tender agreement)",True,False,False,False,False,False,False,True,False,False,False,False,False,False,False,Pending — TOB from ~Oct 2026,False,False,False,Share consolidation (expected),Share consolidation,Expected 2027 (TBV),,,True,Verified via search (announced 2026/03/31),Verified via current search (Jul 2026),Watch for interloper/bump given discount pricing,35,1,17,9,7,3,2,3,4,True,True,False,TBV,TBV,TBV,True,False,False,True,True
JP-061,Strategic acquisition proposal (semis),Strategic TOB,2026-03-26,day,2026,,,,In progress (proposal stage),Other/Unclear,"ROHM Co., Ltd.",6963 JP / TSE Prime,6963.0,TSE Prime,Semiconductors (power/analog),Semiconductors / electronics,DENSO Corporation,TSE Prime (6902),False,8300.0,False,False,8300,1250.0,JPY,True,converted_tn_to_bn,≈¥1.25tn equiv. (reported),Acquisition offer received/confirmed by ROHM (terms under negotiation; reported ~$8.3bn),False,False,False,False,False,False,False,,,True,TBV,,,,Unclear/TBV,TBV,,,True,TBV,,True,TBV,Under review (special committee expected),Unclear/TBV,Expected (TBV),Unclear/TBV,TBV (SiC consolidation logic may attract others),Yes,No (existing SiC partnership & cross-investment),No,Small cross-holdings (TBV),True,,True,JFTC,China SAMR (auto semis) (TBV),Other antitrust,3,True,False,False,False,False,True,False,True,False,False,False,False,True,FIEA (if TOB); merger control; economic-security overlay on SiC power semis,True,False,False,False,False,False,Toyota-group vertical integration of power semiconductors; ROHM founder-foundation ownership; premium expectations after Toyota Industries precedent,TBV,False,False,False,False,False,False,False,False,False,False,False,False,False,False,False,Pending negotiation (as of Jun 2026),False,False,False,TBV,Unclear/TBV,TBV,,,True,Verified via search (reported late Mar 2026); date approximate,Verified via current search (Jul 2026),Confirm definitive terms before publication,48,6,50,9,7,3,7,5,4,True,True,False,TBV,TBV,TBV,True,False,False,True,True
JP-062,MBO/PE take-private,Take-private / MBO,2026-02-15,day,2026,,,,In progress (TBV),Other/Unclear,"MCJ Co., Ltd.",6670 JP / TSE Standard,6670.0,TSE Standard,PCs (Mouse Computer) / electronics retail,Semiconductors / electronics,Bain Capital,Unlisted,True,1300.0,False,False,1300,200.0,JPY,True,bn,≈¥200bn equiv.,Take-private (founder/management dynamics TBV),False,False,False,False,False,False,False,,,True,TBV,,,,Unclear/TBV,TBV,,,True,TBV,,True,TBV,TBV,Unclear/TBV,TBV,Unclear/TBV,TBV,Unclear/TBV,No,No,Founder Takashima ~29% (TBV),True,29.0,True,JFTC,—,—,1,True,False,False,False,False,False,False,True,False,False,False,False,False,FIEA TOB,True,False,False,False,False,False,TBV,TBV,False,False,False,False,False,False,False,False,False,False,False,False,False,False,False,Pending (TBV),False,False,False,TBV,Unclear/TBV,TBV,,,True,Low — announce date/terms TBV (per Bain/DealStreetAsia reference),Low - needs verification,Verify all fields,31,7,38,9,8,3,7,5,2,True,True,False,TBV,TBV,TBV,False,False,False,True,True
