Deal ID,Category,Date Announced,Date Completed / Failed,Time to Close (months),Conclusion / Status,Target Full Name,Target Ticker / Exchange,Industry,Acquirer Full Name,Acquirer Listed Exchange,Deal Size (US$ mn),"Deal Size (local, JPY bn unless noted)",Deal Structure,Final Offer Price (local),Initial Offer / Price Bumps,Unaffected Price (local),Premium to Unaffected (%),Board Recommendation,Special Committee,Competing Bid / Interloper,Recurring Attempt by Same Acquirer?,Toehold / Irrevocables / Tender Agreements,Regulator 1,Regulator 2,Regulator 3,Rules / Regulations Triggering Review,Key Debate Points / Frictions,Activism & Hedge Fund Involvement,Final Resolution Mechanism,Squeeze-out Mechanism,Delisting Date,Verification Status,Notes / Follow-ups,Financial Advisor - Target,Financial Advisor - Acquirer,Target IPO Advisor
JP-001,Take-private (PE/consortium),2023/03/23,2023/12/20,8.9,Concluded,Toshiba Corporation,6502 JP / TSE Prime,Industrial conglomerate / electronics,"Japan Industrial Partners (JIP)-led consortium (TBJH Inc., 20+ Japanese corporates incl. Orix, Rohm, Chubu Electric)",Unlisted (consortium),13500,2000,"All-cash TOB (¥4,620/sh) + squeeze-out (share consolidation)","¥4,620","¥4,620 (no bump)",TBV (n.m. — 2-yr strategic review; stock traded on deal speculation),≈+9.7% vs pre-announcement (low; TBV),"For (recommended; initially reserved opinion on tendering, later endorsed)",Yes (Special Committee since 2022 strategic review),"Prior interest from CVC (2021), Bain/others in 2022 process; JIP selected as preferred bidder Oct 2022",No,No toehold; key activists indicated support/tendered,JFTC (Japan),"Multiple foreign antitrust (EU, China SAMR, others)",METI (informal; national-security-sensitive businesses),"FIEA TOB rules; merger control in 10+ jurisdictions; FEFTA sensitivities (nuclear, defense, semiconductors) shaped all-domestic consortium","Endgame of 2015 accounting scandal & 2017 dilutive PIPE that let activists in; price seen low vs CVC's 2021 ~¥5,000 interest; board-activist standoff; failed spin-off plans (3-way/2-way split voted down)","Effissimo (~9.9%), Farallon, Elliott, 3D Investment, King Street et al. — activist register was the deal's raison d'être; activists tendered",TOB succeeded (78.65% tendered); squeeze-out; delisted 20 Dec 2023 after 74 years,Share consolidation (kabushiki heigō),2023/12/20,High confidence (well-documented),Largest Japan take-private at the time; template for 'activist-exit via consortium TOB',"Nomura Securities (mgmt team FA); Mizuho Securities & JPMorgan Securities Japan (mgmt team FA, added Apr 2022); UBS Securities Japan (Board/Special Committee independent FA)","Crosspoint Advisors Co., Ltd. (JIP)",TBV
JP-002,Take-private (state-backed fund),2023/06/26,2024/06/25,12.0,Concluded,JSR Corporation,4185 JP / TSE Prime,Semiconductor materials (photoresists),JIC Capital (Japan Investment Corporation),Unlisted (government-backed fund),6300,903.9,"All-cash TOB (¥4,350/sh) + squeeze-out","¥4,350","¥4,350 (no bump)","TBV (~¥3,220 pre-leak)",≈+35% (TBV),For,Yes,None public,No,,JFTC (Japan),China SAMR (delayed launch ~9 months),Other foreign antitrust/FDI,FIEA TOB; multi-jurisdiction merger control; industrial-policy screening abroad of a Japan state-backed buyer,Government-led consolidation of chip materials; concerns re state fund crowding out private capital; long gap between announcement (Jun 2023) and TOB launch (Mar 2024) due to China clearance; arbitrage timeline risk,No activist campaign; event-driven funds carried extended timeline risk,TOB completed Jun 2024; squeeze-out; delisted (TBV exact date),Share consolidation,2024/06 (TBV),Medium — verify dates/premium,Signature 'economic security' take-private; SAMR risk case study,Mizuho Securities; Mitsubishi UFJ Morgan Stanley Securities,J.P. Morgan (JIC Capital),TBV
JP-003,Minority squeeze-out (parent buy-in),2023/05/12,2023/09/28,4.6,Concluded,Shinsei Bank (SBI Shinsei Bank),8303 JP / TSE Standard,Banking,SBI Holdings (via SBI Regional Bank Holdings) + public-sector holders retained,TSE Prime (8473),1100,154.2,"TOB for minorities (¥2,800/sh) + squeeze-out; DICJ/RCC public-fund stakes stayed","¥2,800",TBV,TBV,TBV (~+45% vs undisturbed; TBV),For,Yes,,"Yes — SBI took control via 2021 hostile-ish TOB, then squeezed out minorities 2023",SBI ~50.05% pre-deal,FSA (Japan),JFTC,—,Banking Act approvals; FIEA TOB; fairness of squeeze-out price with public funds (¥350bn) still outstanding,Repayment path for 1990s public funds; minority price fairness after SBI's below-book creep; delisting of a bank with unresolved state money,Prior activist-era register largely gone; some funds contested price via appraisal (TBV),Squeeze-out completed; delisted Sep 2023,Share consolidation,2023/09 (TBV),Medium — verify prices/dates,Rare bank delisting; sequel to 2021 SBI unsolicited TOB,TBV,TBV,TBV
JP-004,Unsolicited/consentless TOB (domestic strategic),2023/07/13,2023/11/13,4.0,Concluded,"Takisawa Machine Tool Co., Ltd.",6121 JP / TSE Standard,Machine tools,Nidec Corporation,TSE Prime (6594),180,26,"TOB launched without prior board consent (¥2,600/sh); board later supported","¥2,600","¥2,600 (no bump)","≈¥1,285 (TBV)",≈+100% (approx. 2x; TBV),Initially not solicited → For (board endorsed after review),Yes (formed to assess 'bona fide offer'),None emerged,"No (but part of Nidec's serial machine-tool M&A: OKK, TAKISAWA, later Makino attempt)",,JFTC,—,—,First high-profile application of METI Corporate Takeover Guidelines (Aug 2023): duty of board to 'sincerely consider' bona fide offers,Legitimacy of consentless bids in Japan; 2x premium made rejection untenable; watershed normalizing unsolicited offers,None material,Board recommended; TOB succeeded Nov 2023; squeeze-out,Share consolidation,2024 (TBV),High confidence,Proof-of-concept for the METI 2023 guidelines,TBV,TBV,TBV
JP-005,"Subsidiary divestiture (PE, special situation)",2022/11/11,2023/09/01,9.7,Concluded,"Sogo & Seibu Co., Ltd. (Seven & i department-store unit)",Unlisted (parent 3382 JP),Department stores / retail real estate,Fortress Investment Group (with Yodobashi Camera as anchor real-estate partner),Unlisted (SoftBank-affiliated at the time),1600,220,Share sale of unlisted subsidiary; EV ¥220bn (equity portion nominal after debt/price adj.),n/a (private sale),,,,Seven & i board approved (contested internally),No (parent-level decision),Auction (multiple PE bidders),No,,JFTC,—,—,"Merger control; labor-relations dimension (first Japan department-store strike in 61 years, Ikebukuro, 31 Aug 2023, day before closing)",ValueAct pressure on Seven & i portfolio; Yodobashi's role at flagship Ikebukuro; price cut renegotiation; union opposition,ValueAct campaign at parent was proximate catalyst for divestiture program,Closing 1 Sep 2023 despite strike; asset subsequently restructured,,,High confidence,Included as a landmark special situation triggered by activism at listed parent,TBV,TBV,TBV
JP-006,Competing TOBs (first modern bidding war),2023/11/14,2024/05/15,6.0,Concluded,Benefit One Inc.,2412 JP / TSE Prime,HR benefits platform,"Dai-ichi Life Holdings (winner); M3 Inc. (initial bidder, withdrew)",TSE Prime (8750 winner; 2413 loser),1900,285,Counter-TOB + acquisition of Pasona's ~51% stake; structure adjusted so Pasona exited via tender/dividend mechanics,"¥2,123 (Dai-ichi final)","M3 ¥1,600 → Dai-ichi ¥1,800 → ¥2,123 (2 bumps by winner)",TBV,TBV (>+60% vs pre-M3 bid; TBV),For (switched support from M3 to Dai-ichi),Yes,Yes — live auction dynamic between M3 and Dai-ichi (Dec 2023–Feb 2024),No,Pasona Group ~51% (controlling seller),JFTC,FSA (insurer acquirer),—,FIEA TOB competing-offer mechanics; board neutrality/fiduciary duty under METI guidelines; equal treatment concerns re parent exit route,First true public bidding war of the reform era; tax-efficient exit for Pasona questioned vs minority treatment; insurer diversification logic,Event-driven funds active in spread; no named activist campaign,M3 withdrew Feb 2024; Dai-ichi TOB completed; squeeze-out May 2024 (TBV),Share consolidation,2024 (TBV),Medium — verify final dates,Opened the era of interloper risk in Japan TOBs,Mitsubishi UFJ Morgan Stanley Securities (special committee FA),TBV (Dai-ichi Life),TBV
JP-007,MBO (founder family),2023/11/24,2024/04/09,4.5,Concluded,Taisho Pharmaceutical Holdings,4581 JP / TSE Standard,Pharmaceuticals (OTC),Otemon Co. (Uehara family vehicle),Unlisted (family SPC),4800,710.9,"MBO via all-cash TOB (¥8,620/sh) + squeeze-out; largest MBO in Japan history at announcement","¥8,620","¥8,620 (no bump)","≈¥5,540 (TBV)",≈+56% (TBV),For,Yes,None public,No,Uehara family ~40% (TBV),JFTC,—,—,FIEA TOB; MoM condition not adopted (criticized); METI guidelines fairness measures,Offer at ~0.85x P/B — 'cheap take-private' emblematic of MBO underpricing debate; special committee process questioned; appraisal rights pursued,Oasis-affiliated and other funds criticized price; appraisal petitions filed (Art. 172 Companies Act) (TBV outcomes),TOB succeeded; squeeze-out; delisted Apr 2024 (TBV),Share consolidation,2024/04 (TBV),Medium — verify premium/appraisal,Poster child for sub-book MBO controversy,TBV,TBV,TBV
JP-008,MBO (founder family + PE),2023/11/10,2024/05/28,6.6,Concluded,Benesse Holdings,9783 JP / TSE Prime,Education / nursing care,Fukutake family + EQT (BPEA),EQT: STO listed; SPC unlisted,1400,208.2,"MBO via TOB (¥2,600/sh) + squeeze-out","¥2,600","¥2,600",TBV,≈+45% (TBV),For,Yes,None public,No,Fukutake family ~30%+ rollover (TBV),JFTC,Foreign antitrust (EQT) (TBV),—,FIEA TOB; conflicted-MBO fairness framework (rollover shareholder),Structural decline of core Shinkenzemi business; fairness with family rollover; first big EQT Japan P2P,None named,TOB + squeeze-out; delisted May 2024 (TBV),Share consolidation,2024/05 (TBV),Medium,,TBV,TBV,TBV
JP-009,MBO (PE-backed),2023/12/08,,,Concluded,Outsourcing Inc.,2427 JP / TSE Prime,HR / staffing,Bain Capital (management participation),Unlisted,1500,214.2,"TOB (¥1,755/sh) + squeeze-out","¥1,755","¥1,755",TBV,≈+50% (TBV),For,Yes,None public,No,Founder/management rollover (TBV),JFTC,European Commission — EU Foreign Subsidies Regulation (FSR),Other foreign clearances,First Japanese LBO materially delayed by EU FSR notification — TOB launch pushed back ~2 months; FIEA TOB,EU FSR as new gating item for global sponsors; compliance issues at target pre-deal,None named,TOB completed 2024 after FSR clearance; squeeze-out; delisted 2024 (TBV exact dates),Share consolidation,2024 (TBV),Medium — verify closing dates,Key precedent: add EU FSR to Japan deal checklists,"Nomura Securities; Plutus Consulting Co., Ltd.",Mitsubishi UFJ Morgan Stanley Securities (Bain Capital),TBV
JP-010,"Take-private (state-backed consortium, carve-out of listed sub)",2023/12/12,2025/01/31,13.7,Concluded,Shinko Electric Industries,6967 JP / TSE Prime,Semiconductor packaging/substrates,JIC Capital + Dai Nippon Printing + Mitsui Chemicals consortium,JIC unlisted; DNP 7912 JP; Mitsui Chem 4183 JP,4700,684.9,"TOB for minorities (¥5,920/sh) + Fujitsu (50%) selling into scheme; squeeze-out","¥5,920","¥5,920",TBV,TBV,For,Yes,None public,No,Fujitsu 50% (seller support),JFTC,China SAMR (long delay; TOB launch pushed to Aug 2024),Other foreign antitrust,Multi-jurisdiction merger control on semiconductor asset; economic-security overlay,Another JIC chip-supply-chain deal; SAMR timing risk priced by arbs; Fujitsu portfolio exit,None named,TOB completed; squeeze-out; delisted Jan 2025 (TBV),Share consolidation,2025/01 (TBV),Medium — verify dates,Pair with JSR as SAMR-risk case studies,SMBC Nikko Securities; Mitsubishi UFJ Morgan Stanley Securities,BofA Securities (JIC Capital),TBV
JP-011,Cross-border outbound (contested politically),2023/12/18,2025/06/18,18.0,Concluded,United States Steel Corporation,X US / NYSE,Steel,Nippon Steel Corporation,TSE Prime (5401),14900,≈¥2.1tn equiv.,Cash merger US$55.00/sh (equity ~$14.1bn; EV ~$14.9bn),US$55.00,US$55.00 (topped Cleveland-Cliffs cash/stock bid in auction),US$39.33 (2023/12/15 close),≈+40%,For (US Steel board),No (full auction),"Yes — Cleveland-Cliffs, others in auction; later political counter-pressure",No,,CFIUS (two reviews),DOJ (HSR antitrust),White House (Presidential orders); USW labor dimension,"Defense Production Act s.721 (CFIUS); Biden prohibition order 3 Jan 2025; litigation (NSC/USS v. CFIUS); June 2025 Trump-era National Security Agreement incl. US 'golden share', investment commitments",Election-year politicization of an allied-country acquisition; USW opposition; golden-share governance precedent; 18-month closing odyssey,"Merger-arb community heavily involved; Ancora ran a parallel campaign at US Steel (board slate, alternative plan) in early 2025",Closed 18 Jun 2025 under NSA with golden share; US Steel delisted,Merger (DGCL),2025/06 (NYSE),High confidence,Defining cross-border security-review saga of the period,Goldman Sachs; Barclays; Evercore (U.S. Steel),Citi (Nippon Steel),TBV
JP-012,Activist campaign,2023/01/30,2023/03/09,1.2,Concluded (demands substantially met),Dai Nippon Printing (DNP),7912 JP / TSE Prime,Printing / electronics materials,"Elliott Management (campaign, not acquisition)",n/a (fund),Stake est. $300mn+ (TBV),TBV,Public engagement; capital-return and P/B demands,,,,,n/a (company responded with plan),No,,No,Elliott stake reported ~3–5% (TBV),—,—,—,TSE P/B <1 'name-and-shame' regime as backdrop; large shareholding reporting (5% rule) dynamics,Cross-shareholding unwind; ¥300bn buyback announced Feb–Mar 2023; ROE targets,Elliott (lead),DNP announced record buyback + capital policy overhaul; Elliott monetized,,,High confidence,Early proof TSE reform + activism = rapid capital return,TBV,TBV,TBV
JP-013,Activist campaign (proxy fight),2023/01/01,2023/05/25,4.7,Concluded (activist lost vote; strategy shifted co. anyway),Seven & i Holdings,3382 JP / TSE Prime,Retail / convenience stores,ValueAct Capital (campaign),n/a (fund),Stake ~$? (≈4.4%; TBV),TBV,Proxy contest: 4 director nominees; demanded CVS spin-off focus,,,,,Opposed slate,No,,Yes — multi-year engagement since 2021,≈4.4% (TBV),—,—,—,Companies Act shareholder proposal/proxy rules,"Conglomerate discount; Ito-Yokado drag; CEO Isaka accountability (survived 2023 vote, ousted later)",ValueAct (lead),"Nominees defeated May 2023 AGM (~24–32% support); catalyzed later breakup path (Sogo&Seibu sale, York carve-out, ACT episode)",,,High confidence,Read with ACT bid & York/Bain rows,TBV,TBV,TBV
JP-014,Activist campaign (control contest defense),2023/04/01,2023/12/20,8.6,Concluded (block sold to white squire),Cosmo Energy Holdings,5021 JP / TSE Prime,Oil refining / energy,Murakami group (City Index Eleventh etc.) — accumulation to ~20%,,Stake ~$600mn (TBV),TBV,Stake accumulation + AGM confrontation; company deployed MoM-conditioned poison pill (June 2023 AGM approval excluding Murakami votes),,,,,Opposed activist,Yes (pill oversight),,Yes (Murakami serial energy-sector plays),≈20%,—,—,—,'MoM' defensive pill validated by 2022 Tokyo courts precedents (Mitsubishi paper?) — key governance controversy of 2023,Legitimacy of majority-of-minority pill approvals; greenmail optics when Murakami exited via block sale,Murakami group (lead),Dec 2023: Murakami block sold to Iwatani Corporation (strategic white squire); pill retired,,,High confidence,Defense playbook case study,TBV,TBV,TBV
JP-015,Unsolicited proposal + proxy fights (family office),2022/03/31,2024/06/30,27.0,Failed / lapsed (no TOB launched),"Toyo Construction Co., Ltd.",1890 JP / TSE Prime,Marine civil engineering,"YFO (Yamauchi-No.10 Family Office, Nintendo founding family)",Unlisted (family office),800,112,"¥1,000/sh take-private proposal (~¥112bn) after blocking Infroneer TOB; repeated proxy campaigns 2022–2024","¥1,000 (proposed)","¥1,000",TBV,TBV,Opposed (engagement protracted),Yes,Preceded by Infroneer agreed TOB (2022) which YFO's ~27% stake defeated,Yes (multiple AGM cycles),≈27%,—,—,—,METI guidelines 'bona fide offer' debate — board's duty to engage vs financing credibility of family office,Whether YFO proposal was fully financed/'bona fide'; board entrenchment claims; dividend hikes as defense,YFO as quasi-activist; other funds on register,YFO never launched TOB; campaign wound down 2024 (TBV specifics); remains large holder,,,Medium — verify end-state,Instructive failed 'consent-seeking' saga,TBV,TBV,TBV
JP-016,Cross-border outbound,2024/01/18,2024/04/19,3.0,Concluded,"MDC Holdings, Inc.",MDC US / NYSE,US homebuilding,"Sekisui House, Ltd.",TSE Prime (1928),4950,≈¥730bn equiv.,Cash merger US$63.00/sh,US$63.00,US$63.00,TBV,≈+19% to close / ~+41% to 90-day VWAP (TBV),For,No,,No,,DOJ/FTC (HSR),—,—,"US antitrust only; no CFIUS issue (allied, non-sensitive)","Contrast case to Nippon Steel/USS: friendly, apolitical, closed in 3 months",,Merger closed Apr 2024,DGCL merger,2024/04 (NYSE),High confidence,Benchmark for 'clean' Japan-to-US outbound,TBV,TBV,TBV
JP-017,Strategic TOB (JV take-private of listed sub),2024/02/06,2024/07/24,5.6,Concluded,"Lawson, Inc.",2651 JP / TSE Prime,Convenience stores,KDDI Corporation (TOB) → 50/50 JV with Mitsubishi Corporation,TSE Prime (9433; MC 8058),3300,497,"KDDI TOB ¥10,360/sh for shares other than MC's ~50%; post-deal 50/50 telco-trading house JV","¥10,360","¥10,360","≈¥8,900 (TBV)",≈+16% (criticized as thin; TBV),For,Yes,,No,Mitsubishi Corp ~50% (retained),JFTC,—,—,FIEA TOB; parent-subsidiary fairness (MC as continuing 50% holder) — MoM debate,Thin premium vs strategic uniqueness; telco-retail convergence thesis; minority holdout arb,Some funds vocal on price (TBV),TOB + squeeze-out; delisted 24 Jul 2024,Share consolidation,2024/07/24,High confidence (delist date TBV),,TBV,TBV,TBV
JP-018,Cross-border outbound (scheme),2024/02/15,2024/08/01,5.5,Concluded,Altium Limited,ALU AU / ASX,Electronics design software (EDA),Renesas Electronics Corporation,TSE Prime (6723),5900,A$9.1bn (≈¥880bn),"Australian scheme of arrangement, A$68.50/sh cash",A$68.50,A$68.50,TBV,≈+34% (TBV),For,No,,No,,FIRB (Australia),Other antitrust (US/EU) (TBV),—,Australian scheme + FIRB approval; court sanction,Software pivot by chipmaker; full-cash funding while Renesas still deleveraging,,Scheme implemented 1 Aug 2024,Scheme,2024/08 (ASX),High confidence,,TBV,TBV,TBV
JP-019,MBO (founder + PE),2024/02/20,2024/07/31,5.3,Concluded,"Snow Peak, Inc.",7816 JP / TSE Prime,Outdoor/camping consumer,Bain Capital + Yamai founding family,Unlisted,320,47.5,"MBO via TOB ¥1,250/sh + squeeze-out","¥1,250","¥1,250",TBV,≈+48% (TBV),For,Yes,None public,No,Founding family rollover ~30% (TBV),JFTC,—,—,FIEA TOB; conflicted MBO framework,Post-COVID camping demand collapse; take-private to restructure away from market glare,None named,TOB + squeeze-out; delisted 2024 (TBV),Share consolidation,2024 (TBV),Medium — verify size/dates,,TBV,TBV,TBV
JP-020,MBO vs unsolicited strategic counterbid,2024/02/09,2024/05/31,3.7,Concluded (MBO side won),Roland DG Corporation,6789 JP / TSE Prime,Digital printing equipment,Taiyo Pacific Partners (MBO vehicle) — winner; Brother Industries — unsolicited counterbidder (withdrew),Taiyo unlisted; Brother 6448 JP,450,68,"Taiyo MBO TOB ¥5,035 → Brother counter ¥5,200 (no board consent) → Taiyo bump ¥5,370; Brother declined to raise","¥5,370 (Taiyo final)","¥5,035; 1 bump; Brother interloper ¥5,200",TBV,TBV,For MBO; Opposed Brother (synergy/dis-synergy reasoning questioned),Yes,Yes — first unsolicited counterbid against a live MBO under METI guidelines,No,Management rollover,JFTC,—,—,METI guidelines: how boards must treat competing 'bona fide' offers vs incumbent MBO; TOB price-matching mechanics,Board's rejection of higher-headline strategic bid on qualitative grounds; precedent for interloper economics,Event funds in spread,Brother withdrew May 2024; Taiyo TOB succeeded; squeeze-out,Share consolidation,2024 (TBV),Medium — verify dates,Key precedent with C&F and Fuji Soft,TBV,TBV,TBV
JP-021,Hostile TOB defeated by white knight,2024/03/21,2024/08/20,5.0,Concluded (white knight won; hostile failed),C&F Logistics Holdings,9099 JP / TSE Prime,Cold-chain logistics,"SG Holdings (white knight, winner); AZ-COM Maruwa Holdings (unsolicited bidder, withdrew)",SG 9143 JP; AZ-COM 9090 JP,800,120,"AZ-COM consentless TOB intent ¥3,000/sh → SG counter TOB ¥5,740/sh (+91% over hostile bid)","¥5,740 (SG)","AZ-COM ¥3,000 → ¥3,000 (did not match); SG entered at ¥5,740","≈¥2,300 (TBV)",≈+150% (SG final vs unaffected; TBV),Opposed AZ-COM; For SG,Yes,Yes (defining white-knight auction of 2024),No,,JFTC,—,—,METI guidelines bona fide offer assessment; TOB withdrawal rules when outbid,"Massive value uplift from contest (unaffected ¥2,3xx → ¥5,740) — exhibit A that hostile pressure surfaces value",Event funds,AZ-COM withdrew; SG TOB completed Aug 2024; squeeze-out,Share consolidation,2024 (TBV),Medium — verify dates/prices,,TBV,TBV,TBV
JP-022,PE buyout of listed co. (sponsor exit by trading house),2024/05/20,2024/09/30,4.4,Concluded,KFC Holdings Japan (Kentucky Fried Chicken Japan),9873 JP / TSE Standard,Restaurants / franchising,Carlyle Group,CG US / Nasdaq,870,130,"TOB ¥6,500/sh; Mitsubishi Corp (35%) agreed to tender; brand license with Yum!","¥6,500","¥6,500",TBV,TBV (~+30%; TBV),For,Yes,Auction preceded (TBV),No,MC 35% irrevocable,JFTC,—,—,FIEA TOB; franchise consent (Yum! Brands),Foreign-PE consumer take-private wave; franchisor consent as gating item,None named,TOB + squeeze-out; delisted 2024 (TBV),Share consolidation,2024 (TBV),Medium,,TBV,TBV,TBV
JP-023,Strategic TOB (affiliate consolidation) with price bump,2024/06/14,2024/09/17,3.1,Concluded,FANCL Corporation,4921 JP / TSE Prime,Cosmetics / supplements,Kirin Holdings,TSE Prime (2503),1500,221.9,"TOB for the ~67% not held (initial ¥2,690 → final ¥2,800 after investor pushback) + squeeze-out","¥2,800","¥2,690; 1 bump (+4.1%)",TBV,TBV (~+45% final; TBV),For,Yes,,"Yes — Kirin built 33% stake 2019, full buyout 2024",≈33%,JFTC,—,—,FIEA TOB; partial-owner conflict fairness; bump forced by minority holdout (MoM math),Hedge funds (incl. MY.Alpha; TBV) argued lowball; tender momentum stalled until bump — early example of 'bump-seeking' arb strategy now standard,MY.Alpha and event funds (TBV names),Bumped TOB succeeded Sep 2024; squeeze-out,Share consolidation,2024 (TBV),Medium,,TBV,TBV,TBV
JP-024,Parent carve-out TOB (sponsor-backed strategic),2024/04/26,2024/08/30,4.1,Concluded,"Alps Logistics Co., Ltd.",9055 JP / TSE Standard,Electronics logistics (3PL),Logisteed (KKR portfolio company; ex-Hitachi Transport System),Unlisted (KKR),1000,150,"TOB ¥5,774/sh for minorities + purchase of Alps Alpine's ~48%; partial reinvestment by parent","¥5,774","¥5,774",TBV,≈+90% (one of the largest premia of 2024; TBV),For,Yes,Auction (TBV),No,Alps Alpine ~48% seller,JFTC,China SAMR (TBV),—,FIEA TOB; parent-sub conflict framework,Sponsor-backed strategic paying near-double market for synergies — data point against 'lowball Japan' narrative,None named,TOB + squeeze-out,Share consolidation,2024 (TBV),Medium,,TBV,TBV,TBV
JP-025,Parent carve-out / PE TOB,2024/06/12,2024/11/29,5.6,Concluded,Infocom Corporation,4348 JP / TSE Prime,IT / digital comics (MechaComic),Blackstone,BX US / NYSE,1800,280,Purchase of Teijin's ~55% + TOB for minorities (total EV ≈¥280bn),"¥6,060 (TBV)",TBV,TBV,TBV,For,Yes,Auction (multiple sponsors),No,Teijin ~55% seller,JFTC,—,—,FIEA TOB; carve-out mechanics,Digital-content asset scarcity; Blackstone's largest Japan PE deal to date at the time,None named,TOB + squeeze-out; delisted (TBV),Share consolidation,2024 (TBV),Medium,,TBV,TBV,TBV
JP-026,PE-vs-PE hostile bidding war,2024/08/08,2025/03/31,7.7,Concluded (KKR won),Fuji Soft Incorporated,9749 JP / TSE Prime,IT services / software,"KKR (winner); Bain Capital (counterbidder, went hostile, withdrew)",KKR US / NYSE; Bain unlisted,4000,600,"KKR two-stage TOB (1st ¥8,800 backed by 3D & Farallon irrevocables ~33%; Bain counter ¥9,450 w/ founder support; KKR 2nd-stage ¥9,451 'one-yen' top)","¥9,451 (KKR)","KKR ¥8,800 → ¥9,451; Bain ¥9,300 → ¥9,450 (hostile, withdrew Feb 2025)",TBV,TBV (>+50% vs pre-3D-pressure levels; TBV),For KKR throughout; declined to support Bain despite higher interim price,Yes (heavily scrutinized),Yes — landmark sponsor-vs-sponsor contest; Bain proceeded without board consent,No,3D Investment (~21%) + Farallon (~9%) irrevocables to KKR — decisive,JFTC,—,—,Two-stage TOB structure criticized (coercion debate); METI guidelines on competing offers; irrevocables as bid lock-ups,Whether board could favor lower-headline KKR bid; activists selling control via irrevocables; founder family split (Nozawa family backed Bain),"3D Investment Partners (instigating activist), Farallon — both pivotal",Bain withdrew; KKR completed squeeze-out; delisted 2025 (TBV date),Share consolidation,2025 (TBV),High confidence (dates TBV),THE case study for interloper/lock-up dynamics in Japan,TBV,TBV,TBV
JP-027,Cross-border unsolicited proposal (failed) + failed MBO defense,2024/08/19,2025/07/16,10.9,Failed (proposal withdrawn),Seven & i Holdings,3382 JP / TSE Prime,Retail / convenience stores,Alimentation Couche-Tard Inc. (ACT),ATD CN / TSX,47000,≈¥7tn,"Non-binding all-cash proposal (initial ≈US$14.86/ADS ≈¥2,200/sh; revised ≈¥2,700/sh, ~US$47bn) — never launched TOB","≈¥2,700 (indicative)","≈¥2,200 → ≈¥2,700 (1 revision)","≈¥1,760 (pre-8/19/24 leak; TBV)",≈+53% at revised terms (TBV),Effectively opposed (special committee: undervaluation + US antitrust risk); refused DD for months,Yes (independent special committee led process),Yes — Ito family MBO counter-proposal (~¥9tn) collapsed Feb 2025 when financing failed; standalone plan + York carve-out as defense,No,,"METI (FEFTA 'core' designation of Seven & i, Sep 2024)",FTC/DOJ (US antitrust — c-store overlap; divestiture package explored w/ ACT),JFTC,FEFTA core classification debate (convenience stores as critical infrastructure?); US HSR; METI guidelines on bona fide offers,National-champion protectionism vs shareholder value; ACT alleged stonewalling; management change (Isaka→Dacus); ¥2tn buyback + York sale as defense; Artisan Partners public letters,"ValueAct (long-running), Artisan Partners (vocal letters); arb losses on withdrawal",ACT withdrew 16 Jul 2025 citing lack of engagement; stock derated; standalone restructuring continued,,,High confidence,Largest-ever attempted foreign takeover of a Japanese company,TBV,TBV,TBV
JP-028,Parent-subsidiary minority buy-in,2024/10/29,2025/01/31,3.1,Concluded,NEC Networks & System Integration (NESIC),1973 JP / TSE Prime,Network engineering / SI,NEC Corporation,TSE Prime (6701),1400,213,"TOB ¥3,250/sh for ~48% minorities + squeeze-out","¥3,250",TBV (bump? TBV),TBV,TBV (~+30%; TBV),For,Yes,,No,NEC ~52%,JFTC,—,—,Parent-sub TOB fairness (METI/TSE guidance on controlling-shareholder buyouts),Listed-subsidiary discount unwind wave; minority price adequacy,TBV,TOB + squeeze-out; delisted 2025 (TBV),Share consolidation,2025 (TBV),Medium,"One of many parent buy-ins in the sample — see also SCSK, Sumitomo Densetsu, NTT Data",TBV,TBV,TBV
JP-029,PE take-private (dual-price structure controversy),2024/09/30,2025/02/28,5.0,Concluded,T-Gaia Corporation,3738 JP / TSE Prime,Mobile phone distribution,Bain Capital,Unlisted,930,140,"TOB for minorities at ¥2,670 while parent Sumitomo Corp sold its ~40% block at a LOWER per-share price (differential pricing)","¥2,670 (minorities)",TBV,TBV,TBV,For,Yes,TBV,No,Sumitomo Corp ~40% (seller at lower price),JFTC,—,—,Equal-treatment principle under FIEA TOB rules stress-tested by two-tier pricing; FSA/TSE commentary; shaped 2026 TOB reform discussion,"Whether differential pricing (parent lower, minorities higher) is pro-minority or a rule-arbitrage; ISS/proxy criticism (TBV)",TBV,Completed despite controversy; delisted 2025 (TBV),Share consolidation,2025 (TBV),Medium — verify prices/dates,Cited in FIEA TOB-reform debates (rules effective 2026/05/01),TBV,TBV,TBV
JP-030,Hostile TOB (withdrawn),2024/12/27,2025/05/09,4.4,Failed (bidder withdrew),"Makino Milling Machine Co., Ltd.",6135 JP / TSE Prime,Machine tools,Nidec Corporation,TSE Prime (6594),1700,257,"Consentless TOB intent at ¥11,000/sh announced 27 Dec 2024 with April 2025 launch date (ultimatum structure); launched Apr 2025 then withdrew","¥11,000","¥11,000","≈¥7,750 (TBV)",≈+42% (TBV),Opposed (asked for delay; adopted countermeasures; solicited white knights),Yes,Yes — Makino ran market-check; MBK Partners emerged (see separate row),"Yes — Nidec's 3rd machine-tool pursuit (OKK, Takisawa, Makino)",,JFTC,—,—,METI guidelines stress test: announcing a TOB months ahead ('fait accompli'); poison-pill countermeasure legitimacy; TOB withdrawal rules,Nidec's aggressive tactics backfired reputationally; board's right to seek alternatives affirmed; premium ultimately topped by white knight,Event funds accumulated; TBV names,Nidec withdrew May 2025 after countermeasures; target went to MBK at higher price,,,Medium — verify withdrawal date,Read with MBK/Makino row,TBV,TBV,TBV
JP-031,White-knight take-private (PE),2025/08/29,,,Concluded (verify final squeeze-out timing),"Makino Milling Machine Co., Ltd.",6135 JP / TSE Prime,Machine tools,MBK Partners,Unlisted,1800,263.7,"Agreed take-private TOB (price above Nidec's ¥11,000; final TBV) following market-check","TBV (> ¥11,000)",TBV,"≈¥7,750 (pre-Nidec; TBV)",TBV (>+55% vs pre-Nidec),For,Yes (JPM advised special committee),Successor to failed Nidec hostile bid,No,TBV,JFTC,FEFTA screening (foreign sponsor; machine tools = sensitive) (TBV),—,FEFTA inward-investment review (machine tools export-control adjacent); FIEA TOB,Hostile pressure → higher white-knight outcome; foreign-PE ownership of dual-use machine-tool tech,TBV,TOB completed; squeeze-out/delisting turn of 2025-26 (TBV),Share consolidation (TBV),TBV (≈2026 H1),Verified via search (JPM/Dealogic reference); dates TBV,US$1.8bn per JPM 2026 outlook,TBV,TBV,TBV
JP-032,Merger of equals attempt (failed),2024/12/23,2025/02/13,1.7,Failed (talks terminated),Nissan Motor Co. (with Mitsubishi Motors optionality),7201 JP / TSE Prime,Automotive,Honda Motor Co. (proposed JV holding company),TSE Prime (7267),≈$58bn combined mkt-cap context (n.m.),n.m.,MOU for joint holding company (target listing Aug 2026); collapsed when Honda pivoted to making Nissan a subsidiary,,,,,Both boards initially supportive of MOU,No,Foxconn (Hon Hai) interest in Nissan stake before/after — complicating factor,No,n/a (Renault cross-holding legacy in background),Would have required global merger control,—,—,n/a (terminated pre-agreement),Rescue-merger optics; pride/subsidiarization dispute; Nissan restructuring credibility; METI soft encouragement,Effissimo historic stake in Nissan (TBV current); event funds whipsawed,Terminated 13 Feb 2025; Nissan pursued standalone restructuring + partnerships,,,High confidence,Largest failed domestic combination of the window,TBV,TBV,TBV
JP-033,Cross-border outbound (insurance),2024/12/11,2025/07/01,6.6,Concluded (TBV exact close),Resolution Life Group Holdings,Unlisted (Bermuda),Life insurance run-off consolidator,Nippon Life Insurance Company,Mutual (unlisted),8200,≈¥1.2tn equiv.,Acquisition of remaining interests (100% control),,,,,For,No,,Yes — staged: prior minority investments since 2019,Existing ~23% stake (TBV),Bermuda BMA / multi-jurisdiction insurance regulators,US state insurance depts,—,Insurance change-of-control approvals across jurisdictions,Japanese insurers' offshore capital deployment wave,,Completed 2025 (TBV),,,Medium,Largest-ever acquisition by a Japanese insurer at announcement,TBV,TBV,TBV
JP-034,Cross-border outbound (chemicals),2024/12/03,2025/07/15,7.4,Concluded (TBV exact close),AOC (composite resins; from Lone Star),Unlisted,Specialty chemicals,Nippon Paint Holdings,TSE Prime (4612),4350,≈¥650bn equiv.,100% private acquisition from sponsor,,,,,For,No,Auction,No,,US/EU antitrust,—,—,Merger control only,'Asset assembler' M&A model; leverage appetite,,Closed 2025 (TBV),,,Medium,,TBV,TBV,TBV
JP-035,Activist campaign,2024/01/15,2024/12/31,11.5,Concluded (substantial wins),"Mitsui Fudosan Co., Ltd.",8801 JP / TSE Prime,Real estate,Elliott Management (campaign),,Stake ~2.5% (≈$1bn; TBV),TBV,Private-then-public pressure: demanded ~¥1tn buyback & sale of Oriental Land (4661) stake,,,,,,No,,No,≈2.5% (TBV),—,—,—,TSE capital-efficiency regime backdrop,Cross-holding of OLC; developer P/B <1,Elliott,Company announced large buybacks + partial OLC sell-down + capital plan (2024); campaign de-escalated,,,High confidence (stake size TBV),,TBV,TBV,TBV
JP-036,Activist campaign,2024/06/01,,,Concluded/partially resolved (TBV),Sumitomo Corporation,8053 JP / TSE Prime,Trading house (sogo shosha),Elliott Management (campaign),,Stake reported >$500mn (TBV),TBV,Engagement on buybacks/portfolio; company responded with capital-return upgrades,,,,,,No,,No,TBV,—,—,—,—,Berkshire-driven shosha rerating; laggard valuation vs peers,Elliott,Enhanced buyback/shareholder-return policy (2024-25),,,Medium,,TBV,TBV,TBV
JP-037,Activist campaign,2024/10/01,,,Concluded/rolling (TBV),SoftBank Group Corp.,9984 JP / TSE Prime,Tech investment holding,Elliott Management (campaign; rebuilt >$2bn stake 2024),,"Stake >$2,000mn (reported)",TBV,Buyback demands vs NAV discount,,,,,,No,,Yes — prior 2020 & 2022 campaigns,TBV,—,—,—,—,NAV discount vs AI capex pivot (Stargate/OpenAI) changing the thesis,Elliott,Periodic buybacks; discount later closed by AI rally (TBV),,,Medium,,TBV,TBV,TBV
JP-038,Activist campaign (EGM escalation),2023/10/01,2025/06/30,21.0,Concluded/partially resolved,"Keisei Electric Railway Co., Ltd.",9009 JP / TSE Prime,Rail / holder of ~20% Oriental Land,Palliser Capital (campaign),,Stake ~1.6%+ (TBV),TBV,EGM special resolution (Mar 2024) demanding partial OLC monetization — failed but ~29% support; continued pressure 2024-25,,,,,Opposed,No,,Yes (multi-year),≈1.6% (TBV),—,—,—,Companies Act EGM/shareholder proposal mechanics; ISS/GL supported aspects (TBV),Holding-company discount via OLC stake; capital efficiency vs rail capex,Palliser (lead),Keisei announced partial OLC sell-downs + buybacks (2024-25); campaign wound down (TBV),,,Medium,,TBV,TBV,TBV
JP-039,Activist campaign (stake unwind + buyback),2024/05/01,2025/03/31,11.0,Concluded,Exedy Corporation,7278 JP / TSE Prime,Auto parts (clutches),Murakami group (City Index Eleventh etc.),,Stake ~30%+ at peak (TBV),TBV,Bought Aisin's exiting block (~33%); pressured; company executed very large buyback/tender; Murakami exited,,,,,Engaged,No,,Yes (Murakami playbook),≈33% (from Aisin block),—,—,—,Cross-shareholding unwind meets activist accumulation; buyback/ToSTNeT mechanics,'Buyback greenmail' criticism vs efficient capital return,Murakami group,Company buyback absorbed stake; activist exit with profit (2024-25) (TBV specifics),,,Medium — verify,Template repeated across Murakami positions,TBV,TBV,TBV
JP-040,Carve-out sale to PE (from listed parent),2025/02/07,2025/10/01,7.8,Concluded (TBV exact close),Mitsubishi Tanabe Pharma Corporation,Unlisted (parent 4188 JP),Pharmaceuticals,Bain Capital,Unlisted,3300,510,100% purchase from Mitsubishi Chemical Group,n/a (private sale),,,,Seller board approved,No,Auction,No,,JFTC,Foreign antitrust (TBV),—,Merger control; pharma licenses,MCG portfolio focus under new CEO; Japan pharma carve-out wave,,Closed 2025 (TBV),,,Medium,,TBV,TBV,TBV
JP-041,PE take-private (ex-activist target),2025/03/28,2025/09/30,6.1,Concluded (TBV),Topcon Corporation,7732 JP / TSE Prime,Precision instruments (positioning/eyecare),KKR + JIC Capital consortium,KKR US; JIC unlisted,2300,350,"TOB ¥3,300/sh + squeeze-out (TBV structure detail)","¥3,300",TBV,TBV,TBV (~+60% vs pre-process; TBV),For,Yes,Auction with multiple sponsors (TBV),No,ValueAct ~14% supportive holder (TBV),JFTC,FEFTA (foreign sponsor; sensitive positioning tech) (TBV),Foreign antitrust,FEFTA screening; FIEA TOB,Activist (ValueAct) catalyzed strategic review → state-linked JIC co-investing alongside foreign PE (novel pairing),ValueAct (catalyst),TOB + squeeze-out (TBV dates),Share consolidation,2025 (TBV),Medium,,TBV,TBV,TBV
JP-042,Parent-subsidiary minority buy-in (mega),2025/05/08,2025/07/29,2.7,Concluded,NTT Data Group Corporation,9613 JP / TSE Prime,IT services,Nippon Telegraph and Telephone Corporation (NTT),TSE Prime (9432),16300,2370,"TOB ¥4,000/sh for ~42% minorities + squeeze-out","¥4,000","¥4,000","≈¥2,990 (TBV)",≈+34% (TBV),For,Yes,,No,NTT ~58%,JFTC,Foreign antitrust (TBV),—,Controlling-shareholder buyout fairness; NTT Law backdrop,Largest parent-sub buy-in ever in Japan; index-flow mechanics; minority premium adequacy,None named,TOB + squeeze-out; delisted Jul 2025 (TBV exact date),Share consolidation,2025/07 (TBV),High confidence (dates TBV),,TBV,TBV,TBV
JP-043,Group take-private (governance-driven),2025/06/03,2026/03/31,9.9,Concluded (TOB completed Mar 2026; squeeze-out in train),Toyota Industries Corporation,6201 JP / TSE Prime,Auto parts / forklifts (Toyota Group nucleus),"Toyota Fudosan Co., Ltd. (with investment from Akio Toyoda & Toyota Motor; group cross-holding unwind)",Unlisted (Toyota group),31200,4700,"TOB ¥16,300/sh (launched Jan 2026, completed Mar 2026) + preferred/common investments by Toyota Motor & Chairman Toyoda; unwind of circular holdings","¥16,300","¥16,300 (no bump despite objections)","≈¥13,225 (2025/04/25 pre-report close; TBV)",≈+23% (criticized as low; TBV),For (special committee approved amid dissent from minority investors),Yes,None (group solution),No,Toyota group companies ~38%+ aggregate (TBV),JFTC,Foreign antitrust (TBV),—,Controlling-group buyout fairness; METI guidelines; index exclusion mechanics; cross-shareholding policy,Premium adequacy (initial reports of ¥18k-area hopes); minority investors (incl. overseas funds) publicly objected; governance concentration under Chairman Toyoda; real-estate value of Toyota Fudosan as acquirer,"Foreign institutional dissent (e.g., UK/US funds; names TBV); event funds active",TOB completed Mar 2026 (US$31.2bn per RECOF/Lexology); squeeze-out/delisting to follow,Share consolidation (expected),2026 (expected; TBV),Verified via search (completion Mar 2026),Largest Japan take-private ever,TBV,TBV,TBV
JP-044,Hostile cross-border TOB (won) vs white knight,2025/02/05,2025/10/20,8.4,Concluded (hostile bidder won),"Shibaura Electronics Co., Ltd.",6957 JP / TSE Standard,NTC thermistors (sensors),Yageo Corporation (Taiwan) — winner; MinebeaMitsumi — white knight (withdrew),Yageo 2327 TT / TWSE; Minebea 6479 JP,740,110,"Yageo consentless TOB ¥4,300 (Feb intent; launched 2025/05/09) vs Minebea white-knight TOB ¥4,500→¥5,500→¥6,200; Yageo final ¥7,130; 60+ business-day contest","¥7,130 (Yageo)","Yageo ¥4,300→¥6,635→¥7,130 (multiple bumps); Minebea capped at ¥6,200",TBV (pre-2025/02/05),TBV (final >+65% vs Yageo's own initial bid),Opposed Yageo initially / For Minebea; withdrew opposition to Yageo Sep 2025 as price gap widened,Yes,Yes — full white-knight auction,No,,MOF/METI — FEFTA 'core designated business' review (~7 months; conditions imposed),JFTC,Taiwan outbound approvals (TBV),FEFTA core national-security review (thermistors classified core Aug 2025); first successful hostile foreign takeover of a FEFTA-core Japanese listco; TOB extension mechanics,Economic security vs open markets; whether FEFTA delay would kill the higher bid; board's duty when foreign hostile bid is highest; Minebea's 'synergy needs trust' argument failed,Event-driven funds decisive in tendering to higher bid,Yageo cleared FEFTA with conditions (Sep 2025); TOB succeeded 3 Oct 2025 (settlement 20 Oct); squeeze-out; delisted 13 Jan 2026; 100% held 15 Jan 2026,Share consolidation,2026/01/13,Verified via search,Watershed for foreign hostile M&A in Japan,TBV,TBV,TBV
JP-045,Carve-out sale to PE (activist-driven breakup),2025/03/06,2025/09/01,5.9,Concluded,"York Holdings (Ito-Yokado, York-Benimaru et al. — Seven & i superstore business)",Unlisted (parent 3382 JP),Supermarkets / GMS,Bain Capital (parent & founding family retain minority),Unlisted,5400,814.7,~60% sale of carved-out York Holdings; EV ¥814.7bn,,,,,Seller board approved (defense-driven),"Yes (at parent, re ACT context)","Auction (KKR, Fortress et al.; TBV)",No,,JFTC,—,—,Merger control,Breakup executed under ACT siege & activist pressure; valuation vs book; founding-family reinvestment,ValueAct/Artisan pressure at parent as backdrop,Closed 1 Sep 2025,,,High confidence,Read with ACT row,TBV,TBV,TBV
JP-046,Cross-border outbound (insurance),2025/04/23,,,Concluded 2026 (TBV),Aspen Insurance Holdings,AHL US / NYSE (re-IPO'd 2025),Specialty (re)insurance,Sompo Holdings,TSE Prime (8630),3500,≈¥500bn equiv.,Cash acquisition from Apollo-controlled holder (US$37.50/sh; TBV),US$37.50 (TBV),TBV,TBV,TBV,For,No,,No,,Bermuda BMA / US state regulators,Lloyd's/PRA (TBV),—,Insurance change of control,"Japanese insurer offshore expansion wave (with Nippon Life/Resolution, Meiji Yasuda/L&G US)",,Pending/closing 2026 (TBV),Merger,TBV,Medium,,TBV,TBV,TBV
JP-047,Cross-border outbound (asset management),2025/04/22,,,Concluded 2026 (TBV),Macquarie's US & European public asset management business,Unlisted (carve-out),Asset management,Nomura Holdings,TSE Prime (8604),1800,≈¥260bn equiv.,Carve-out purchase (~$180bn AUM),,,,,For,No,,No,,SEC/US approvals,EU/UK regulators,—,Investment-adviser change of control,Nomura's US retail-AM re-entry post-Archegos era,,Closing 2026 (TBV),,,Medium,,TBV,TBV,TBV
JP-048,Cross-border outbound (tech),2025/03/19,,,Concluded 2025 (TBV),Ampere Computing,Unlisted (US),Semiconductors (Arm server CPUs),SoftBank Group,TSE Prime (9984),6500,≈¥970bn equiv.,100% cash acquisition (Carlyle & Oracle exiting),,,,,For,No,,No,Arm ecosystem ties,CFIUS (TBV),HSR,—,US FDI/antitrust,SBG AI-infrastructure pivot (Stargate complex),Elliott stake at SBG (context),Closed 2025 (TBV),,,Medium,,TBV,TBV,TBV
JP-049,Cross-border outbound (robotics carve-out),2025/10/08,,,In progress (close expected 2026),ABB Robotics division,Carve-out (ABB: ABBN SW),Industrial robotics,SoftBank Group,TSE Prime (9984),5375,≈¥800bn equiv.,Carve-out purchase (US$5.375bn),,,,,For (both),No,ABB had planned spin-off IPO instead,No,,EU/US/China merger control,FDI screenings (multi),—,Multi-jurisdiction clearances,'Physical AI' thesis; preempted spin-off,—,Pending (expected close 2026),,,High confidence,,TBV,TBV,TBV
JP-050,"Cross-border outbound (consortium, aviation leasing)",2025/09/01,,,In progress,Air Lease Corporation,AL US / NYSE,Aircraft leasing,Sumitomo Corporation + SMBC Aviation Capital + Apollo + Brookfield consortium,8053 JP / unlisted / APO US / BN US,7400,≈¥1.1tn equity (≈$28bn incl. debt),Cash merger (consortium),US$65.00/sh (TBV),TBV,TBV,TBV (~+7% headline; low-premium debate TBV),For,No,TBV,No,SMBC AC industrial logic,HSR / global merger control,Aviation regulators (TBV),—,Merger control; financing,Japan capital + US sponsors consortium model,TBV,Pending (2026 close expected),Merger,Expected on close,Medium (per JPM/Lexology references),,TBV,TBV,TBV
JP-051,Parent-subsidiary minority buy-in,2025/10/30,2026/03/31,5.0,Concluded,SCSK Corporation,9719 JP / TSE Prime,IT services,Sumitomo Corporation,TSE Prime (8053),5880,≈¥900bn equiv.,Cash TOB (launched Oct 2025) + share consolidation squeeze-out (completed Mar 2026),TBV,TBV,TBV,TBV,For,Yes,,No,Sumitomo ~50%+,JFTC,—,—,Controlling-shareholder buyout fairness,Trading houses internalizing IT-services value (cf. NTT Data),TBV,Squeeze-out completed Mar 2026,Share consolidation,2026 (TBV),Verified via search (Lexology/RECOF),Announced/launch dates approximate (Oct 2025) — TBV exact,TBV,TBV,TBV
JP-052,Third-party TOB for listed subsidiary (parent sells),2025/10/15,2026/03/31,5.5,Concluded,"Sumitomo Densetsu Co., Ltd.",1949 JP / TSE Prime,Electrical engineering/facilities,"Daiwa House Industry Co., Ltd. (Sumitomo Electric selling)",TSE Prime (1925),1130,≈¥170bn equiv.,Cash TOB (Oct 2025) + share consolidation (Mar 2026); parent Sumitomo Electric exited to third party,TBV,TBV,TBV,TBV,For,Yes,TBV,No,Sumitomo Electric ~50% seller,JFTC,—,—,Listed-sub exit via third-party TOB (METI guidance preferred route),Model for parent exits at premium vs in-group buy-ins,TBV,Completed Mar 2026,Share consolidation,2026 (TBV),Verified via search (Lexology/RECOF),Announced date approximate (Oct 2025) — TBV exact,TBV,TBV,TBV
JP-053,PE take-private (post-activism),2025/09/17,,,Concluded/closing (TBV),"Fujitec Co., Ltd.",6406 JP / TSE Prime,Elevators/escalators,EQT,EQT SS / Nasdaq Stockholm,2800,407.8,Take-private TOB + squeeze-out (¥ per-share TBV),TBV,TBV,TBV,TBV,For,Yes,TBV (auction reported),No,Oasis ~17% legacy stake (TBV),JFTC,China antitrust (large China business) (TBV),FEFTA (TBV),FIEA TOB; foreign clearances,Endgame of Oasis's multi-year governance war (2022-23 chairman ouster); PE as exit for activist,Oasis Management (multi-year campaign preceding sale),TOB completed / squeeze-out in train (TBV dates),Share consolidation,TBV (2026),Medium — ¥407.8bn per Chambers; verify dates/price,Announced date approximate — TBV,TBV,TBV,TBV
JP-054,Activist campaign,2025/02/01,,,In progress / partially resolved,"Tokyo Gas Co., Ltd.",9531 JP / TSE Prime,Gas utility (large real-estate book),"Elliott Management (campaign, ~5%)",,Stake ~5% (≈$1bn; TBV),TBV,"Demands: monetize ¥1tn+ real-estate portfolio, raise returns",,,,,Engaged,No,,No,≈5%,—,—,—,Utility-sector sensitivities; TSE reform backdrop,Hidden-asset (real estate) thesis applied to utilities,Elliott,Company upgraded capital-return/asset-review plans (2025) (TBV); position ongoing,,,Medium,,TBV,TBV,TBV
JP-055,"Activist campaign (proxy fight, media)",2025/01/20,2025/06/25,5.1,Concluded (nominees lost; board overhauled anyway),Fuji Media Holdings,4676 JP / TSE Prime,Broadcasting / real estate,Dalton Investments / Rising Sun Management (campaign); SBI's Kitao aligned pressure,,Stake ~7%+ (with related; TBV),TBV,12-director slate at June 2025 AGM after Nakai scandal & sponsor exodus; demands incl. real-estate separation,,,,,Opposed slate,No,,Yes (Dalton long-running FMH engagement),≈7% + allies (TBV),Broadcast Act foreign-ownership caps (constrains activism/M&A),—,—,Broadcast Act 20% foreign voting cap — unique regulatory friction for media activism,Governance collapse post-scandal; property assets vs broadcast core; foreign-cap loopholes,Dalton/Rising Sun (lead); others on register,AGM slate defeated (Jun 2025) but board/management substantially replaced under pressure,,,High confidence (stake TBV),,TBV,TBV,TBV
JP-056,Strategic TOB (long-gestation parent exit),2025/11/21,,,In progress (TOB 2026; TBV),Fujitsu General Limited,6755 JP / TSE Prime,Air conditioning,Paloma Rheem Holdings,Unlisted,1700,256,TOB for all shares incl. Fujitsu's ~42% (per-share TBV),TBV,TBV,TBV,TBV,For (TBV),Yes (TBV),Multi-year strategic review with several suitors before Paloma (TBV),No,Fujitsu ~42% seller,JFTC,Foreign antitrust (TBV),—,FIEA TOB,Fujitsu portfolio exit finally executed after aborted processes,TBV,Pending (TBV),Share consolidation (expected),TBV,Low/Medium — dates & terms TBV,Verify announcement date & price before publication,TBV,TBV,TBV
JP-057,Activist-driven sector consolidation,2024/02/28,2025/12/01,21.1,Concluded (TBV final step dates),Tsuruha Holdings / Welcia Holdings (merger; Aeon consolidation),3391 JP / 3141 JP,Drugstores,"Aeon Co., Ltd. (top shareholder; share exchange integration)",TSE Prime (8267),n.m. (share exchange; combined sales ¥2tn+),n.m.,Aeon bought Oasis's Tsuruha block (2024) → Tsuruha-Welcia share-exchange merger → Aeon-consolidated drugstore leader,n/a (exchange ratios),,,,For (all boards),Yes (conflict management re Aeon),,Yes (Aeon staged consolidation),Aeon ~13→25%+ Tsuruha; ~51% Welcia (TBV),JFTC (major retail overlap),—,—,JFTC review of #1 drugstore combination; share-exchange (kabushiki kōkan) mechanics,Oasis's stake sale as catalyst; minority terms in exchange ratio; creation of national champion,Oasis Management (Tsuruha stake; catalyst & seller),Integration completed 2025 (TBV steps),Share exchange,Welcia via exchange (TBV),Medium — verify structure dates,,TBV,TBV,TBV
JP-058,Cross-border carve-out (inbound purchase of division),2026/02/10,,,In progress,Renesas Electronics — timing products business,Carve-out (parent 6723 JP),Semiconductors (timing),SiTime Corporation,SITM US / Nasdaq,2900,≈¥440bn equiv.,Cash purchase of business unit,,,,,For,No,TBV,No,,HSR / global antitrust,FEFTA (outbound tech transfer angle TBV),—,Merger control,Renesas deleveraging/portfolio pruning after Altium,,Pending,,,Verified via search (announced Feb 2026),Exact announce date TBV,TBV,TBV,TBV
JP-059,PE take-private (recapitalization),2026/03/23,,,In progress (shareholder vote Jun 2026; close ~Mar 2027),"Nippon Sheet Glass Company, Limited",5202 JP / TSE Prime,Glass (architectural/auto/solar),Apollo Global Management (Apollo Funds),APO US / NYSE,3700,590,Take-private at ¥500/sh + ¥165bn new equity + lender debt-for-equity swap (comprehensive recap); largest Apollo Japan PE deal,¥500,¥500,TBV (traded well below ¥500 pre-deal),TBV (significant premium per reports),For,Yes (TBV),TBV,No,Lender coordination (SMBC et al.) central,JFTC,Multi-jurisdiction antitrust/FDI,METI (watching; friendly-buyout framing),Scheme includes debt restructuring; shareholder approval June 2026; FEFTA (TBV classification),Rescue-style P2P of over-levered industrial; solar/EV glass pivot; precedent for creditor-led take-privates,TBV,"Pending — vote Jun 2026, close ~Mar 2027, delist expected ~Nov 2026 (reports differ; TBV)",TBV (likely share consolidation post-TOB or squeeze-out via vote),Expected 2026 H2 (TBV),Verified via search (announced 2026/03/23),,TBV,TBV,TBV
JP-060,"PE take-private (activist-assisted, discount TOB)",2026/03/31,,,In progress (TOB expected from ~Oct 2026),"Taiyo Holdings Co., Ltd.",4626 JP / TSE Prime,Electronic materials (solder resist),KKR,KKR US / NYSE,3330,528.6,"TOB ¥4,750/sh — a 4.7% DISCOUNT to unaffected close; DIC (largest holder), founding-family Kowa, and Oasis funds agreed to tender/participate (42.2% combined)","¥4,750","¥4,750","≈¥4,984 (implied; 2026/03/30 close)",≈ -4.7% (discount — highly unusual),For (unanimous),Yes (TBV),Multiple strategic proposals evaluated pre-KKR,"Yes — KKR serial Japan buyer (Topcon, Fuji Soft, Kokusai)",Tender agreements 42.2% (DIC + Kowa + Oasis),JFTC,Foreign antitrust (China exposure) (TBV),FEFTA (TBV),FIEA TOB; long gap to launch (~Oct 2026) = regulatory prep; new 30% mandatory-TOB regime (eff. 2026/05/01) backdrop,Discount take-private tests minority protections — stock had run on AI-materials speculation; activist (Oasis) selling into discount raises 'private deal for insiders' critique,"Oasis Management (holder, tender agreement)",Pending — TOB from ~Oct 2026,Share consolidation (expected),Expected 2027 (TBV),Verified via search (announced 2026/03/31),Watch for interloper/bump given discount pricing,TBV,TBV,TBV
JP-061,Strategic acquisition proposal (semis),2026/03/26,,,In progress (proposal stage),"ROHM Co., Ltd.",6963 JP / TSE Prime,Semiconductors (power/analog),DENSO Corporation,TSE Prime (6902),8300,≈¥1.25tn equiv. (reported),Acquisition offer received/confirmed by ROHM (terms under negotiation; reported ~$8.3bn),TBV,TBV,TBV,TBV,Under review (special committee expected),Expected (TBV),TBV (SiC consolidation logic may attract others),No (existing SiC partnership & cross-investment),Small cross-holdings (TBV),JFTC,China SAMR (auto semis) (TBV),Other antitrust,FIEA (if TOB); merger control; economic-security overlay on SiC power semis,Toyota-group vertical integration of power semiconductors; ROHM founder-foundation ownership; premium expectations after Toyota Industries precedent,TBV,Pending negotiation (as of Jun 2026),TBV,TBV,Verified via search (reported late Mar 2026); date approximate,Confirm definitive terms before publication,TBV,TBV,TBV
JP-062,MBO/PE take-private,2026/02/15,,,In progress (TBV),"MCJ Co., Ltd.",6670 JP / TSE Standard,PCs (Mouse Computer) / electronics retail,Bain Capital,Unlisted,1300,≈¥200bn equiv.,Take-private (founder/management dynamics TBV),TBV,TBV,TBV,TBV,TBV,TBV,TBV,No,Founder Takashima ~29% (TBV),JFTC,—,—,FIEA TOB,TBV,TBV,Pending (TBV),TBV,TBV,Low — announce date/terms TBV (per Bain/DealStreetAsia reference),Verify all fields,TBV,TBV,TBV
